author,editor,format_type,print_date,day_of_week_name,day_of_week_integer,publish_type,puzzle_id,title,version,percent_filled,solved,star,solving_seconds
Joel Fagliano,,Normal,2022-08-20,Saturday,6,Mini,20430,,0,100,True,,89
Joel Fagliano,,Normal,2022-08-21,Sunday,0,Mini,20445,,0,100,True,,32
Joel Fagliano,,Normal,2022-08-22,Monday,1,Mini,20449,,0,100,True,,66
Joel Fagliano,,Normal,2022-08-23,Tuesday,2,Mini,20450,,0,100,True,,32
Joel Fagliano,,Normal,2022-08-24,Wednesday,3,Mini,20451,,0,100,True,,55
Joel Fagliano,,Normal,2022-08-25,Thursday,4,Mini,20453,,0,100,True,,34
Joel Fagliano,,Normal,2022-08-26,Friday,5,Mini,20454,,0,100,True,,86
Joel Fagliano,,Normal,2022-08-27,Saturday,6,Mini,20458,,0,100,True,,162
Joel Fagliano,,Normal,2022-08-28,Sunday,0,Mini,20462,,0,100,True,,136
Joel Fagliano,,Normal,2022-08-29,Monday,1,Mini,20534,,0,100,True,,
Joel Fagliano,,Normal,2022-08-30,Tuesday,2,Mini,20535,,0,100,True,,149
Joel Fagliano,,Normal,2022-08-31,Wednesday,3,Mini,20543,,0,100,True,,151
Joel Fagliano,,Normal,2022-09-01,Thursday,4,Mini,20567,,0,100,True,,73
Joel Fagliano,,Normal,2022-09-02,Friday,5,Mini,20569,,0,100,True,,33
Joel Fagliano,,Normal,2022-09-03,Saturday,6,Mini,20570,,0,100,True,,96
Joel Fagliano,,Normal,2022-09-04,Sunday,0,Mini,20510,,0,100,True,,56
Joel Fagliano,,Normal,2022-09-05,Monday,1,Mini,20508,,0,100,True,,94
Joel Fagliano,,Normal,2022-09-06,Tuesday,2,Mini,20512,,0,100,True,,89
Joel Fagliano,,Normal,2022-09-07,Wednesday,3,Mini,20514,,0,100,True,,152
Joel Fagliano,,Normal,2022-09-08,Thursday,4,Mini,20522,,0,100,True,,108
Joel Fagliano,,Normal,2022-09-09,Friday,5,Mini,20575,,0,100,True,,180
Joel Fagliano,,Normal,2022-09-10,Saturday,6,Mini,20560,,0,100,True,,222
Joel Fagliano,,Normal,2022-09-11,Sunday,0,Mini,20592,,0,100,True,,132
Joel Fagliano,,Normal,2022-09-12,Monday,1,Mini,20593,,0,100,True,,96
Joel Fagliano,,Normal,2022-09-13,Tuesday,2,Mini,20597,,0,100,True,,61
Joel Fagliano,,Normal,2022-09-14,Wednesday,3,Mini,20599,,0,100,True,,365
Joel Fagliano,,Normal,2022-09-15,Thursday,4,Mini,20600,,0,100,True,,72
Joel Fagliano,,Normal,2022-09-16,Friday,5,Mini,20604,,0,100,True,,59
Joel Fagliano,,Normal,2022-09-17,Saturday,6,Mini,20605,,0,100,True,,265
Joel Fagliano,,Normal,2022-09-18,Sunday,0,Mini,20606,,0,100,True,,115
Joel Fagliano,,Normal,2022-09-19,Monday,1,Mini,20526,,0,100,True,,39
Joel Fagliano,,Normal,2022-09-20,Tuesday,2,Mini,20504,,0,100,True,,120
Joel Fagliano,,Normal,2022-09-21,Wednesday,3,Mini,20521,,0,100,True,,164
Joel Fagliano,,Normal,2022-09-22,Thursday,4,Mini,20499,,0,100,True,,35
Joel Fagliano,,Normal,2022-09-23,Friday,5,Mini,20505,,0,100,True,,35
Joel Fagliano,,Normal,2022-09-24,Saturday,6,Mini,20561,,0,100,True,,87
Joel Fagliano,,Normal,2022-09-25,Sunday,0,Mini,20601,,0,100,True,,275
Wyna Liu,Joel Fagliano,Normal,2022-09-26,Monday,1,Mini,20422,,0,100,True,,117
Tracy Bennett,Joel Fagliano,Normal,2022-09-27,Tuesday,2,Mini,20402,,0,100,True,,152
Sam Ezersky,Joel Fagliano,Normal,2022-09-28,Wednesday,3,Mini,20549,,0,100,True,,36
Joel Fagliano,,Normal,2022-09-29,Thursday,4,Mini,20576,,0,100,True,,62
Joel Fagliano,,Normal,2022-09-30,Friday,5,Mini,20519,,0,100,True,,47
Sam Ezersky,Joel Fagliano,Normal,2022-10-01,Saturday,6,Mini,20554,,0,100,True,,269
Joel Fagliano,,Normal,2022-10-02,Sunday,0,Mini,20500,,0,100,True,,93
Wyna Liu,Joel Fagliano,Normal,2022-10-03,Monday,1,Mini,20439,,0,100,True,,83
Tracy Bennett,Joel Fagliano,Normal,2022-10-04,Tuesday,2,Mini,20528,,0,100,True,,47
Sam Ezersky,Joel Fagliano,Normal,2022-10-05,Wednesday,3,Mini,20546,,0,100,True,,143
Joel Fagliano,,Normal,2022-10-06,Thursday,4,Mini,20511,,0,100,True,,74
Helen Chen,Joel Fagliano,Normal,2022-10-07,Friday,5,Mini,20540,,0,100,True,,141
Tracy Bennett,Joel Fagliano,Normal,2022-10-08,Saturday,6,Mini,20532,,0,100,True,,431
Sam Ezersky,Joel Fagliano,Normal,2022-10-09,Sunday,0,Mini,20552,,0,100,True,,129
Joel Fagliano,,Normal,2022-10-10,Monday,1,Mini,20524,,0,100,True,,100
Wyna Liu,Joel Fagliano,Normal,2022-10-11,Tuesday,2,Mini,20421,,0,100,True,,27
Tracy Bennett,Joel Fagliano,Normal,2022-10-12,Wednesday,3,Mini,20529,,0,100,True,,55
Joel Fagliano,,Normal,2022-10-13,Thursday,4,Mini,20518,,0,100,True,,57
Kanyin Ajayi,Joel Fagliano,Normal,2022-10-14,Friday,5,Mini,20537,,0,100,True,,128
Sam Ezersky,Joel Fagliano,Normal,2022-10-15,Saturday,6,Mini,20553,,0,100,True,,295
Joel Fagliano,,Normal,2022-10-16,Sunday,0,Mini,20503,,0,100,True,,48
Wyna Liu,Joel Fagliano,Normal,2022-10-17,Monday,1,Mini,20429,,0,100,True,,79
Tracy Bennett,Joel Fagliano,Normal,2022-10-18,Tuesday,2,Mini,20438,,0,100,True,,87
Joel Fagliano,,Normal,2022-10-19,Wednesday,3,Mini,20507,,0,100,True,,41
Sam Ezersky,Joel Fagliano,Normal,2022-10-20,Thursday,4,Mini,20551,,0,100,True,,182
Ailee Yoshida,Joel Fagliano,Normal,2022-10-21,Friday,5,Mini,20536,,0,100,True,,141
Joel Fagliano,,Normal,2022-10-22,Saturday,6,Mini,20586,,0,100,True,,100
Wyna Liu,Joel Fagliano,Normal,2022-10-23,Sunday,0,Mini,20441,,0,100,True,,100
Sam Ezersky,,Normal,2022-10-24,Monday,1,Mini,20547,,0,100,True,,52
Joel Fagliano,,Normal,2022-10-25,Tuesday,2,Mini,20517,,0,100,True,,206
Tracy Bennett,,Normal,2022-10-26,Wednesday,3,Mini,20533,,0,100,True,,100
Joel Fagliano,,Normal,2022-10-27,Thursday,4,Mini,20502,,0,100,True,,45
Trey Mendez,,Normal,2022-10-28,Friday,5,Mini,20544,,0,100,True,,46
Wyna Liu,,Normal,2022-10-29,Saturday,6,Mini,20427,,0,100,True,,169
Joel Fagliano,,Normal,2022-10-30,Sunday,0,Mini,20573,,0,100,True,,66
Tracy Bennett,,Normal,2022-10-31,Monday,1,Mini,20442,,0,100,True,,57
Sam Ezersky,Joel Fagliano,Normal,2022-11-01,Tuesday,2,Mini,20548,,0,100,True,,78
Joel Fagliano,,Normal,2022-11-02,Wednesday,3,Mini,20563,,0,100,True,,45
Joel Fagliano,,Normal,2022-11-03,Thursday,4,Mini,20515,,0,100,True,,77
Joel Fagliano,,Normal,2022-11-04,Friday,5,Mini,20562,,0,100,True,,236
Tracy Bennett,Joel Fagliano,Normal,2022-11-05,Saturday,6,Mini,20452,,0,100,True,,227
Wyna Liu,Joel Fagliano,Normal,2022-11-06,Sunday,0,Mini,20431,,0,100,True,,100
Sam Ezersky,Joel Fagliano,Normal,2022-11-07,Monday,1,Mini,20558,,0,100,True,,56
Joel Fagliano,,Normal,2022-11-08,Tuesday,2,Mini,20506,,0,100,True,,37
Wyna Liu,Joel Fagliano,Normal,2022-11-09,Wednesday,3,Mini,20434,,0,100,True,,38
Everdeen Mason,Joel Fagliano,Normal,2022-11-10,Thursday,4,Mini,20649,,0,100,True,,24
Tracy Bennett,Joel Fagliano,Normal,2022-11-11,Friday,5,Mini,20461,,0,100,True,,78
Joel Fagliano,,Normal,2022-11-12,Saturday,6,Mini,20513,,0,100,True,,90
Sam Ezersky,Joel Fagliano,Normal,2022-11-13,Sunday,0,Mini,20555,,0,100,True,,53
Helen Chen,Joel Fagliano,Normal,2022-11-14,Monday,1,Mini,20538,,0,100,True,,45
Christina Iverson,Joel Fagliano,Normal,2022-11-15,Tuesday,2,Mini,20717,,0,100,True,,60
Wyna Liu,Joel Fagliano,Normal,2022-11-16,Wednesday,3,Mini,20417,,0,100,True,,125
Christina Iverson,Joel Fagliano,Normal,2022-11-17,Thursday,4,Mini,20716,,0,100,True,,45
Tracy Bennett,Joel Fagliano,Normal,2022-11-18,Friday,5,Mini,20530,,0,100,True,,29
Joel Fagliano,,Normal,2022-11-19,Saturday,6,Mini,20577,,0,100,True,,132
Trey Mendez,Joel Fagliano,Normal,2022-11-20,Sunday,0,Mini,20541,,0,100,True,,69
Christina Iverson,Joel Fagliano,Normal,2022-11-21,Monday,1,Mini,20720,,0,100,True,,26
Wyna Liu,,Normal,2022-11-22,Tuesday,2,Mini,20418,,0,100,True,,96
Joel Fagliano,,Normal,2022-11-23,Wednesday,3,Mini,20520,,0,100,True,,136
Tracy Bennett,,Normal,2022-11-24,Thursday,4,Mini,20400,,0,100,True,,59
Everdeen Mason,Joel Fagliano,Normal,2022-11-25,Friday,5,Mini,20650,,0,100,True,,77
Christina Iverson,Joel Fagliano,Normal,2022-11-26,Saturday,6,Mini,20713,,0,100,True,,193
Sam Ezersky,,Normal,2022-11-27,Sunday,0,Mini,20578,,0,100,True,,106
Joel Fagliano,,Normal,2022-11-28,Monday,1,Mini,20501,,0,100,True,,35
Kanyin Ajayi,,Normal,2022-11-29,Tuesday,2,Mini,20539,,0,100,True,,93
Sam Ezersky,,Normal,2022-11-30,Wednesday,3,Mini,20580,,0,100,True,,120
Joel Fagliano,,Normal,2022-12-01,Thursday,4,Mini,20523,,0,100,True,,29
Ailee Yoshida,,Normal,2022-12-02,Friday,5,Mini,20542,,0,100,True,,45
Wyna Liu,,Normal,2022-12-03,Saturday,6,Mini,20428,,0,100,True,,356
Sam Ezersky,,Normal,2022-12-04,Sunday,0,Mini,20581,,0,100,True,,155
Tracy Bennett,Joel Fagliano,Normal,2022-12-05,Monday,1,Mini,20724,,0,100,True,,84
Christina Iverson,Joel Fagliano,Normal,2022-12-06,Tuesday,2,Mini,20742,,0,100,True,,29
Joel Fagliano,,Normal,2022-12-07,Wednesday,3,Mini,20579,,0,100,True,,112
Christina Iverson,Joel Fagliano,Normal,2022-12-08,Thursday,4,Mini,20722,,0,100,True,,63
Tracy Bennett,,Normal,2022-12-09,Friday,5,Mini,20432,,0,100,True,,35
Christina Iverson,Joel Fagliano,Normal,2022-12-10,Saturday,6,Mini,20712,,0,100,True,,210
Wyna Liu,,Normal,2022-12-11,Sunday,0,Mini,20448,,0,100,True,,60
Christina Iverson,Joel Fagliano,Normal,2022-12-12,Monday,1,Mini,20714,,0,100,True,,22
Tracy Bennett,Joel Fagliano,Normal,2022-12-13,Tuesday,2,Mini,20751,,0,100,True,,16
Wyna Liu,Joel Fagliano,Normal,2022-12-14,Wednesday,3,Mini,20749,,0,100,True,,39
Joel Fagliano,,Normal,2022-12-15,Thursday,4,Mini,20525,,0,100,True,,53
Christina Iverson,Joel Fagliano,Normal,2022-12-16,Friday,5,Mini,20719,,0,100,True,,57
Wyna Liu,Joel Fagliano,Normal,2022-12-17,Saturday,6,Mini,20746,,0,100,True,,66
Tracy Bennett,Joel Fagliano,Normal,2022-12-18,Sunday,0,Mini,20740,,0,100,True,,101
Christina Iverson,Joel Fagliano,Normal,2022-12-19,Monday,1,Mini,20710,,0,100,True,,49
Wyna Liu,Joel Fagliano,Normal,2022-12-20,Tuesday,2,Mini,20747,,0,100,True,,190
Joel Fagliano,,Normal,2022-12-21,Wednesday,3,Mini,20803,,0,100,True,,48
Christina Iverson,Joel Fagliano,Normal,2022-12-22,Thursday,4,Mini,20721,,0,100,True,,55
Joel Fagliano,,Normal,2022-12-23,Friday,5,Mini,20603,,0,100,True,,34
Joel Fagliano,,Normal,2022-12-24,Saturday,6,Mini,20574,,0,100,True,,99
Wyna Liu,,Normal,2022-12-25,Sunday,0,Mini,20419,,0,100,True,,32
Christina Iverson,Joel Fagliano,Normal,2022-12-26,Monday,1,Mini,20715,,0,100,True,,40
Joel Fagliano,,Normal,2022-12-27,Tuesday,2,Mini,20806,,0,100,True,,14
Wyna Liu,Joel Fagliano,Normal,2022-12-28,Wednesday,3,Mini,20748,,0,100,True,,115
Tracy Bennett,Joel Fagliano,Normal,2022-12-29,Thursday,4,Mini,20752,,0,100,True,,160
Joel Fagliano,,Normal,2022-12-30,Friday,5,Mini,20765,,0,100,True,,207
Sam Ezersky,Joel Fagliano,Normal,2022-12-31,Saturday,6,Mini,20791,,0,100,True,,75
Joel Fagliano,,Normal,2023-01-01,Sunday,0,Mini,20818,,0,100,True,,37
Gustie Owens,Joel Fagliano,Normal,2023-01-02,Monday,1,Mini,20830,,0,100,True,,3
Christina Iverson,Joel Fagliano,Normal,2023-01-03,Tuesday,2,Mini,20711,,0,100,True,,123
Joel Fagliano,,Normal,2023-01-04,Wednesday,3,Mini,20527,,0,100,True,,21
Wyna Liu,Joel Fagliano,Normal,2023-01-05,Thursday,4,Mini,20750,,0,100,True,,55
Joel Fagliano,,Normal,2023-01-06,Friday,5,Mini,20816,,0,100,True,,62
Sam Ezersky,Joel Fagliano,Normal,2023-01-07,Saturday,6,Mini,20795,,0,100,True,,338
Christina Iverson,Joel Fagliano,Normal,2023-01-08,Sunday,0,Mini,20718,,0,100,True,,126
Joel Fagliano,,Normal,2023-01-09,Monday,1,Mini,20805,,0,100,True,,38
Joel Fagliano,,Normal,2023-01-10,Tuesday,2,Mini,20825,,0,100,True,,47
Joel Fagliano,,Normal,2023-01-11,Wednesday,3,Mini,20826,,0,100,True,,48
Joel Fagliano,,Normal,2023-01-12,Thursday,4,Mini,20832,,0,100,True,,41
Joel Fagliano,,Normal,2023-01-13,Friday,5,Mini,20838,,0,100,True,,22
Joel Fagliano,,Normal,2023-01-14,Saturday,6,Mini,20837,,0,100,True,,125
Joel Fagliano,,Normal,2023-01-15,Sunday,0,Mini,20516,,0,100,True,,34
Joel Fagliano,,Normal,2023-01-16,Monday,1,Mini,20871,,0,100,True,,71
Joel Fagliano,,Normal,2023-01-17,Tuesday,2,Mini,20875,,0,100,True,,49
Joel Fagliano,,Normal,2023-01-18,Wednesday,3,Mini,20872,,0,100,True,,41
Joel Fagliano,,Normal,2023-01-19,Thursday,4,Mini,20879,,0,100,True,,48
Joel Fagliano,,Normal,2023-01-20,Friday,5,Mini,20880,,0,100,True,,42
Joel Fagliano,,Normal,2023-01-21,Saturday,6,Mini,20877,,0,100,True,,153
Joel Fagliano,,Normal,2023-01-22,Sunday,0,Mini,20878,,0,100,True,,24
Joel Fagliano,,Normal,2023-01-23,Monday,1,Mini,20881,,0,100,True,,192
Joel Fagliano,,Normal,2023-01-24,Tuesday,2,Mini,20886,,0,100,True,,38
Joel Fagliano,,Normal,2023-01-25,Wednesday,3,Mini,20887,,0,100,True,,48
Joel Fagliano,,Normal,2023-01-26,Thursday,4,Mini,20892,,0,100,True,,16
Joel Fagliano,,Normal,2023-01-27,Friday,5,Mini,20897,,0,100,True,,49
Joel Fagliano,,Normal,2023-01-28,Saturday,6,Mini,20901,,0,100,True,,87
Joel Fagliano,,Normal,2023-01-29,Sunday,0,Mini,20902,,0,100,True,,28
Joel Fagliano,,Normal,2023-01-30,Monday,1,Mini,20910,,0,100,True,,20
Joel Fagliano,,Normal,2023-01-31,Tuesday,2,Mini,20913,,0,100,True,,111
Joel Fagliano,,Normal,2023-02-01,Wednesday,3,Mini,20916,,0,100,True,,142
Joel Fagliano,,Normal,2023-02-02,Thursday,4,Mini,20917,,0,100,True,,78
Joel Fagliano,,Normal,2023-02-03,Friday,5,Mini,20921,,0,100,True,,41
Joel Fagliano,,Normal,2023-02-04,Saturday,6,Mini,20926,,0,100,True,,286
Joel Fagliano,,Normal,2023-02-05,Sunday,0,Mini,20924,,0,100,True,,183
Joel Fagliano,,Normal,2023-02-06,Monday,1,Mini,20925,,0,100,True,,17
Joel Fagliano,,Normal,2023-02-07,Tuesday,2,Mini,20931,,0,100,True,,142
Joel Fagliano,,Normal,2023-02-08,Wednesday,3,Mini,20932,,0,100,True,,43
Joel Fagliano,,Normal,2023-02-09,Thursday,4,Mini,20936,,0,100,True,,17
Joel Fagliano,,Normal,2023-02-10,Friday,5,Mini,20938,,0,100,True,,37
Joel Fagliano,,Normal,2023-02-11,Saturday,6,Mini,20941,,0,100,True,,122
Joel Fagliano,,Normal,2023-02-12,Sunday,0,Mini,20935,,0,100,True,,42
Joel Fagliano,,Normal,2023-02-13,Monday,1,Mini,20948,,0,100,True,,73
Joel Fagliano,,Normal,2023-02-14,Tuesday,2,Mini,20950,,0,100,True,,45
Joel Fagliano,,Normal,2023-02-15,Wednesday,3,Mini,20949,,0,100,True,,24
Joel Fagliano,,Normal,2023-02-16,Thursday,4,Mini,20954,,0,100,True,,37
Joel Fagliano,,Normal,2023-02-17,Friday,5,Mini,20958,,0,0,False,,46
Joel Fagliano,,Normal,2023-02-18,Saturday,6,Mini,20962,,0,100,True,,77
Joel Fagliano,,Normal,2023-02-19,Sunday,0,Mini,20960,,0,100,True,,48
Joel Fagliano,,Normal,2023-02-20,Monday,1,Mini,20965,,0,100,True,,32
Joel Fagliano,,Normal,2023-02-21,Tuesday,2,Mini,20967,,0,100,True,,39
Joel Fagliano,,Normal,2023-02-22,Wednesday,3,Mini,20966,,0,100,True,,41
Joel Fagliano,,Normal,2023-02-23,Thursday,4,Mini,20969,,0,100,True,,35
Joel Fagliano,,Normal,2023-02-24,Friday,5,Mini,20970,,0,100,True,,42
Joel Fagliano,,Normal,2023-02-25,Saturday,6,Mini,20971,,0,100,True,,81
Joel Fagliano,,Normal,2023-02-26,Sunday,0,Mini,20979,,0,100,True,,34
Joel Fagliano,,Normal,2023-02-27,Monday,1,Mini,20980,,0,100,True,,54
Joel Fagliano,,Normal,2023-02-28,Tuesday,2,Mini,20982,,0,100,True,,123
Joel Fagliano,,Normal,2023-03-01,Wednesday,3,Mini,20968,,0,100,True,,97
Joel Fagliano,,Normal,2023-03-02,Thursday,4,Mini,20975,,0,100,True,,78
Joel Fagliano,,Normal,2023-03-03,Friday,5,Mini,20986,,0,100,True,,48
Joel Fagliano,,Normal,2023-03-04,Saturday,6,Mini,20988,,0,100,True,,182
Joel Fagliano,,Normal,2023-03-05,Sunday,0,Mini,20987,,0,100,True,,36
Joel Fagliano,,Normal,2023-03-06,Monday,1,Mini,20994,,0,100,True,,106
Joel Fagliano,,Normal,2023-03-07,Tuesday,2,Mini,20995,,0,100,True,,54
Joel Fagliano,,Normal,2023-03-08,Wednesday,3,Mini,20996,,0,100,True,,105
Joel Fagliano,,Normal,2023-03-09,Thursday,4,Mini,20999,,0,100,True,,23
Joel Fagliano,,Normal,2023-03-10,Friday,5,Mini,21000,,0,100,True,,139
Joel Fagliano,,Normal,2023-03-11,Saturday,6,Mini,21001,Chris Cross,0,100,True,,220
Joel Fagliano,,Normal,2023-03-12,Sunday,0,Mini,21008,,0,100,True,,58
Joel Fagliano,,Normal,2023-03-13,Monday,1,Mini,21007,,0,100,True,,46
Joel Fagliano,,Normal,2023-03-14,Tuesday,2,Mini,21009,,0,100,True,,29
Joel Fagliano,,Normal,2023-03-15,Wednesday,3,Mini,21010,,0,100,True,,20
Joel Fagliano,,Normal,2023-03-16,Thursday,4,Mini,21015,,0,100,True,,51
Joel Fagliano,,Normal,2023-03-17,Friday,5,Mini,21019,,0,100,True,,22
Joel Fagliano,,Normal,2023-03-18,Saturday,6,Mini,21020,,0,100,True,,57
Joel Fagliano,,Normal,2023-03-19,Sunday,0,Mini,21022,,0,100,True,,127
Joel Fagliano,,Normal,2023-03-20,Monday,1,Mini,21023,,0,100,True,,33
Joel Fagliano,,Normal,2023-03-21,Tuesday,2,Mini,21024,"""On The Road""",0,100,True,,64
Joel Fagliano,,Normal,2023-03-22,Wednesday,3,Mini,21025,,0,100,True,,150
Joel Fagliano,,Normal,2023-03-23,Thursday,4,Mini,21033,,0,100,True,,13
Joel Fagliano,,Normal,2023-03-24,Friday,5,Mini,21032,,0,100,True,,52
Joel Fagliano,,Normal,2023-03-25,Saturday,6,Mini,21038,,0,100,True,,65
Joel Fagliano,,Normal,2023-03-26,Sunday,0,Mini,21034,,0,100,True,,74
Joel Fagliano,,Normal,2023-03-27,Monday,1,Mini,21035,,0,100,True,,25
Joel Fagliano,,Normal,2023-03-28,Tuesday,2,Mini,21039,,0,100,True,,73
Joel Fagliano,,Normal,2023-03-29,Wednesday,3,Mini,21043,,0,100,True,,60
Joel Fagliano,,Normal,2023-03-30,Thursday,4,Mini,21045,,0,100,True,,64
Joel Fagliano,,Normal,2023-03-31,Friday,5,Mini,21044,,0,100,True,,30
Joel Fagliano,,Normal,2023-04-01,Saturday,6,Mini,21056,,0,100,True,,193
Joel Fagliano,,Normal,2023-04-02,Sunday,0,Mini,21046,,0,100,True,,182
Joel Fagliano,,Normal,2023-04-03,Monday,1,Mini,21047,,0,100,True,,37
Joel Fagliano,,Normal,2023-04-04,Tuesday,2,Mini,21049,,0,100,True,,98
Joel Fagliano,,Normal,2023-04-05,Wednesday,3,Mini,21059,,0,100,True,,46
Joel Fagliano,,Normal,2023-04-06,Thursday,4,Mini,21050,,0,100,True,,99
Joel Fagliano,,Normal,2023-04-07,Friday,5,Mini,21060,,0,100,True,,66
Joel Fagliano,,Normal,2023-04-08,Saturday,6,Mini,21061,,0,100,True,,130
Joel Fagliano,,Normal,2023-04-09,Sunday,0,Mini,21062,,0,100,True,,27
Joel Fagliano,,Normal,2023-04-10,Monday,1,Mini,21066,,0,100,True,,24
Joel Fagliano,,Normal,2023-04-11,Tuesday,2,Mini,21063,,0,100,True,,136
Joel Fagliano,,Normal,2023-04-12,Wednesday,3,Mini,21074,,0,100,True,,53
Joel Fagliano,,Normal,2023-04-13,Thursday,4,Mini,21076,,0,100,True,,51
Joel Fagliano,,Normal,2023-04-14,Friday,5,Mini,21077,,0,100,True,,60
Joel Fagliano,,Normal,2023-04-15,Saturday,6,Mini,21070,,0,100,True,,56
Joel Fagliano,,Normal,2023-04-16,Sunday,0,Mini,21073,,0,100,True,,26
Joel Fagliano,,Normal,2023-04-17,Monday,1,Mini,21088,,0,100,True,,29
Joel Fagliano,,Normal,2023-04-18,Tuesday,2,Mini,21087,,0,100,True,,129
Joel Fagliano,,Normal,2023-04-19,Wednesday,3,Mini,21091,,0,100,True,,94
Joel Fagliano,,Normal,2023-04-20,Thursday,4,Mini,21094,,0,100,True,,114
Joel Fagliano,,Normal,2023-04-21,Friday,5,Mini,21095,,0,100,True,,51
Joel Fagliano,,Normal,2023-04-22,Saturday,6,Mini,21097,,0,100,True,,88
Joel Fagliano,,Normal,2023-04-23,Sunday,0,Mini,21096,,0,100,True,,36
Joel Fagliano,,Normal,2023-04-24,Monday,1,Mini,21098,,0,100,True,,62
Joel Fagliano,,Normal,2023-04-25,Tuesday,2,Mini,21101,,0,100,True,,40
Joel Fagliano,,Normal,2023-04-26,Wednesday,3,Mini,21102,,0,100,True,,94
Joel Fagliano,,Normal,2023-04-27,Thursday,4,Mini,21106,,0,100,True,,105
Joel Fagliano,,Normal,2023-04-28,Friday,5,Mini,21100,,0,100,True,,66
Joel Fagliano,,Normal,2023-04-29,Saturday,6,Mini,21099,,0,100,True,,40
Joel Fagliano,,Normal,2023-04-30,Sunday,0,Mini,21107,,0,100,True,,49
Joel Fagliano,,Normal,2023-05-01,Monday,1,Mini,21092,,0,100,True,,54
Joel Fagliano,,Normal,2023-05-02,Tuesday,2,Mini,21093,,0,100,True,,48
Joel Fagliano,,Normal,2023-05-03,Wednesday,3,Mini,21109,,0,100,True,,43
Joel Fagliano,,Normal,2023-05-04,Thursday,4,Mini,21110,,0,100,True,,64
Joel Fagliano,,Normal,2023-05-05,Friday,5,Mini,21113,,0,100,True,,85
Joel Fagliano,,Normal,2023-05-06,Saturday,6,Mini,21112,,0,100,True,,139
Joel Fagliano,,Normal,2023-05-07,Sunday,0,Mini,21116,,0,100,True,,31
Joel Fagliano,,Normal,2023-05-08,Monday,1,Mini,21124,,0,100,True,,62
Joel Fagliano,,Normal,2023-05-09,Tuesday,2,Mini,21123,,0,100,True,,50
Joel Fagliano,,Normal,2023-05-10,Wednesday,3,Mini,21125,,0,100,True,,33
Joel Fagliano,,Normal,2023-05-11,Thursday,4,Mini,21111,,0,100,True,,118
Joel Fagliano,,Normal,2023-05-12,Friday,5,Mini,21132,,0,100,True,,44
Joel Fagliano,,Normal,2023-05-13,Saturday,6,Mini,21133,,0,100,True,,112
Joel Fagliano,,Normal,2023-05-14,Sunday,0,Mini,21130,,0,100,True,,67
Joel Fagliano,,Normal,2023-05-15,Monday,1,Mini,21134,,0,100,True,,30
Joel Fagliano,,Normal,2023-05-16,Tuesday,2,Mini,21139,,0,100,True,,47
Joel Fagliano,,Normal,2023-05-17,Wednesday,3,Mini,21143,,0,100,True,,15
Joel Fagliano,,Normal,2023-05-18,Thursday,4,Mini,21149,,0,100,True,,53
Joel Fagliano,,Normal,2023-05-19,Friday,5,Mini,21146,,0,100,True,,90
Joel Fagliano,,Normal,2023-05-20,Saturday,6,Mini,21145,,0,100,True,,69
Joel Fagliano,,Normal,2023-05-21,Sunday,0,Mini,21144,,0,100,True,,43
Joel Fagliano,,Normal,2023-05-22,Monday,1,Mini,21154,,0,100,True,,28
Joel Fagliano,,Normal,2023-05-23,Tuesday,2,Mini,21155,,0,100,True,,62
Joel Fagliano,,Normal,2023-05-24,Wednesday,3,Mini,21162,,0,100,True,,52
Joel Fagliano,,Normal,2023-05-25,Thursday,4,Mini,21163,,0,100,True,,47
Joel Fagliano,,Normal,2023-05-26,Friday,5,Mini,21164,,0,100,True,,125
Joel Fagliano,,Normal,2023-05-27,Saturday,6,Mini,21157,,0,100,True,,133
Joel Fagliano,,Normal,2023-05-28,Sunday,0,Mini,21166,,0,0,False,,39
Joel Fagliano,,Normal,2023-05-29,Monday,1,Mini,21176,,0,100,True,,56
Joel Fagliano,,Normal,2023-05-30,Tuesday,2,Mini,21177,,0,100,True,,89
Joel Fagliano,,Normal,2023-05-31,Wednesday,3,Mini,21178,,0,100,True,,56
Joel Fagliano,,Normal,2023-06-01,Thursday,4,Mini,21179,,0,100,True,,62
Joel Fagliano,,Normal,2023-06-02,Friday,5,Mini,21180,,0,100,True,,59
Joel Fagliano,,Normal,2023-06-03,Saturday,6,Mini,21181,,0,100,True,,66
Joel Fagliano,,Normal,2023-06-04,Sunday,0,Mini,21182,,0,100,True,,59
Joel Fagliano,,Normal,2023-06-05,Monday,1,Mini,21191,,0,100,True,,22
Joel Fagliano,,Normal,2023-06-06,Tuesday,2,Mini,21195,,0,100,True,,19
Joel Fagliano,,Normal,2023-06-07,Wednesday,3,Mini,21198,,0,100,True,,30
Joel Fagliano,,Normal,2023-06-08,Thursday,4,Mini,21197,,0,100,True,,76
Joel Fagliano,,Normal,2023-06-09,Friday,5,Mini,21199,,0,100,True,,92
Joel Fagliano,,Normal,2023-06-10,Saturday,6,Mini,21196,,0,100,True,,85
Joel Fagliano,,Normal,2023-06-11,Sunday,0,Mini,21200,,0,100,True,,49
Joel Fagliano,,Normal,2023-06-12,Monday,1,Mini,21216,,0,100,True,,42
Joel Fagliano,,Normal,2023-06-13,Tuesday,2,Mini,21215,,0,100,True,,64
Joel Fagliano,,Normal,2023-06-14,Wednesday,3,Mini,21214,,0,100,True,,149
Joel Fagliano,,Normal,2023-06-15,Thursday,4,Mini,21217,,0,100,True,,37
Joel Fagliano,,Normal,2023-06-16,Friday,5,Mini,21219,,0,100,True,,107
Joel Fagliano,,Normal,2023-06-17,Saturday,6,Mini,21218,,0,100,True,,73
Joel Fagliano,,Normal,2023-06-18,Sunday,0,Mini,21221,,0,100,True,,30
Joel Fagliano,,Normal,2023-06-19,Monday,1,Mini,21230,,0,100,True,,68
Joel Fagliano,,Normal,2023-06-20,Tuesday,2,Mini,21231,,0,100,True,,39
Joel Fagliano,,Normal,2023-06-21,Wednesday,3,Mini,21232,,0,100,True,,37
Joel Fagliano,,Normal,2023-06-22,Thursday,4,Mini,21233,,0,100,True,,43
Joel Fagliano,,Normal,2023-06-23,Friday,5,Mini,21235,,0,100,True,,56
Joel Fagliano,,Normal,2023-06-24,Saturday,6,Mini,21236,,0,100,True,,87
Joel Fagliano,,Normal,2023-06-25,Sunday,0,Mini,21234,,0,100,True,,121
Joel Fagliano,,Normal,2023-06-26,Monday,1,Mini,21251,,0,100,True,,49
Joel Fagliano,,Normal,2023-06-27,Tuesday,2,Mini,21252,,0,100,True,,72
Joel Fagliano,,Normal,2023-06-28,Wednesday,3,Mini,21253,,0,100,True,,93
Joel Fagliano,,Normal,2023-06-29,Thursday,4,Mini,21254,,0,100,True,,26
Joel Fagliano,,Normal,2023-06-30,Friday,5,Mini,21256,,0,100,True,,34
Joel Fagliano,,Normal,2023-07-01,Saturday,6,Mini,21245,,0,100,True,,157
Joel Fagliano,,Normal,2023-07-02,Sunday,0,Mini,21255,,0,100,True,,51
Joel Fagliano,,Normal,2023-07-03,Monday,1,Mini,21263,,0,100,True,,46
Joel Fagliano,,Normal,2023-07-04,Tuesday,2,Mini,21261,,0,100,True,,92
Joel Fagliano,,Normal,2023-07-05,Wednesday,3,Mini,21262,,0,100,True,,26
Joel Fagliano,,Normal,2023-07-06,Thursday,4,Mini,21260,,0,100,True,,84
Joel Fagliano,,Normal,2023-07-07,Friday,5,Mini,21265,,0,100,True,,117
Joel Fagliano,,Normal,2023-07-08,Saturday,6,Mini,21266,,0,100,True,,225
Joel Fagliano,,Normal,2023-07-09,Sunday,0,Mini,21264,,0,100,True,,32
Joel Fagliano,,Normal,2023-07-10,Monday,1,Mini,21278,,0,100,True,,26
Joel Fagliano,,Normal,2023-07-11,Tuesday,2,Mini,21279,,0,100,True,,32
Joel Fagliano,,Normal,2023-07-12,Wednesday,3,Mini,21280,,0,100,True,,35
Joel Fagliano,,Normal,2023-07-13,Thursday,4,Mini,21284,,0,100,True,,107
Joel Fagliano,,Normal,2023-07-14,Friday,5,Mini,21282,,0,100,True,,42
Joel Fagliano,,Normal,2023-07-15,Saturday,6,Mini,21285,,0,100,True,,112
Joel Fagliano,,Normal,2023-07-16,Sunday,0,Mini,21281,,0,100,True,,43
Joel Fagliano,,Normal,2023-07-17,Monday,1,Mini,21288,,0,100,True,,24
Joel Fagliano,,Normal,2023-07-18,Tuesday,2,Mini,21289,,0,100,True,,34
Joel Fagliano,,Normal,2023-07-19,Wednesday,3,Mini,21290,,0,100,True,,31
Joel Fagliano,,Normal,2023-07-20,Thursday,4,Mini,21291,,0,100,True,,21
Joel Fagliano,,Normal,2023-07-21,Friday,5,Mini,21294,,0,100,True,,91
Joel Fagliano,,Normal,2023-07-22,Saturday,6,Mini,21293,,0,100,True,,101
Joel Fagliano,,Normal,2023-07-23,Sunday,0,Mini,21295,,0,100,True,,44
Joel Fagliano,,Normal,2023-07-24,Monday,1,Mini,21306,,0,100,True,,37
Joel Fagliano,,Normal,2023-07-25,Tuesday,2,Mini,21308,,0,100,True,,179
Joel Fagliano,,Normal,2023-07-26,Wednesday,3,Mini,21310,,0,100,True,,44
Joel Fagliano,,Normal,2023-07-27,Thursday,4,Mini,21307,,0,100,True,,43
Joel Fagliano,,Normal,2023-07-28,Friday,5,Mini,21309,,0,100,True,,38
Joel Fagliano,,Normal,2023-07-29,Saturday,6,Mini,21305,,0,100,True,,108
Joel Fagliano,,Normal,2023-07-30,Sunday,0,Mini,21304,,0,100,True,,27
Joel Fagliano,,Normal,2023-07-31,Monday,1,Mini,21322,,0,100,True,,31
Joel Fagliano,,Normal,2023-08-01,Tuesday,2,Mini,21321,,0,100,True,,119
Joel Fagliano,,Normal,2023-08-02,Wednesday,3,Mini,21320,,0,100,True,,53
Joel Fagliano,,Normal,2023-08-03,Thursday,4,Mini,21319,,0,100,True,,39
Joel Fagliano,,Normal,2023-08-04,Friday,5,Mini,21324,,0,100,True,,51
Joel Fagliano,,Normal,2023-08-05,Saturday,6,Mini,21323,,0,100,True,,251
Joel Fagliano,,Normal,2023-08-06,Sunday,0,Mini,21327,,0,100,True,,32
Joel Fagliano,,Normal,2023-08-07,Monday,1,Mini,21336,,0,100,True,,31
Joel Fagliano,,Normal,2023-08-08,Tuesday,2,Mini,21334,,0,100,True,,43
Joel Fagliano and The School of The New York Times,Joel Fagliano,Normal,2023-08-09,Wednesday,3,Mini,21337,,0,100,True,,47
Joel Fagliano,,Normal,2023-08-10,Thursday,4,Mini,21338,,0,100,True,,31
Joel Fagliano,,Normal,2023-08-11,Friday,5,Mini,21335,,0,100,True,,43
Joel Fagliano,,Normal,2023-08-12,Saturday,6,Mini,21339,,0,100,True,,59
Joel Fagliano,,Normal,2023-08-13,Sunday,0,Mini,21340,,0,100,True,,38
Joel Fagliano,,Normal,2023-08-14,Monday,1,Mini,21348,,0,100,True,,29
Joel Fagliano,,Normal,2023-08-15,Tuesday,2,Mini,21349,,0,100,True,,119
Joel Fagliano,,Normal,2023-08-16,Wednesday,3,Mini,21350,,0,100,True,,76
Joel Fagliano,,Normal,2023-08-17,Thursday,4,Mini,21360,,0,100,True,,37
Joel Fagliano,,Normal,2023-08-18,Friday,5,Mini,21361,,0,100,True,,52
Joel Fagliano,,Normal,2023-08-19,Saturday,6,Mini,21365,,0,100,True,,218
Joel Fagliano,,Normal,2023-08-20,Sunday,0,Mini,21362,,0,100,True,,77
Joel Fagliano,,Normal,2023-08-21,Monday,1,Mini,21370,,0,100,True,,49
Joel Fagliano,,Normal,2023-08-22,Tuesday,2,Mini,21371,,0,100,True,,49
Joel Fagliano,,Normal,2023-08-23,Wednesday,3,Mini,21372,,0,100,True,,41
Joel Fagliano,,Normal,2023-08-24,Thursday,4,Mini,21373,,0,100,True,,36
Joel Fagliano,,Normal,2023-08-25,Friday,5,Mini,21377,,0,100,True,,117
Joel Fagliano,,Normal,2023-08-26,Saturday,6,Mini,21378,,0,100,True,,82
Joel Fagliano,,Normal,2023-08-27,Sunday,0,Mini,21375,,0,100,True,,64
Joel Fagliano,,Normal,2023-08-28,Monday,1,Mini,21390,,0,100,True,,20
Joel Fagliano,,Normal,2023-08-29,Tuesday,2,Mini,21391,,0,100,True,,44
Joel Fagliano,,Normal,2023-08-30,Wednesday,3,Mini,21351,,0,100,True,,67
Joel Fagliano,,Normal,2023-08-31,Thursday,4,Mini,21393,,0,100,True,,51
Joel Fagliano,,Normal,2023-09-01,Friday,5,Mini,21392,,0,100,True,,29
Joel Fagliano,,Normal,2023-09-02,Saturday,6,Mini,21394,,0,100,True,,114
Joel Fagliano,,Normal,2023-09-03,Sunday,0,Mini,21395,,0,100,True,,54
Joel Fagliano,,Normal,2023-09-04,Monday,1,Mini,21409,,0,100,True,,70
Joel Fagliano,,Normal,2023-09-05,Tuesday,2,Mini,21400,,0,0,False,,22
Joel Fagliano,,Normal,2023-09-06,Wednesday,3,Mini,21403,,0,100,True,,44
Joel Fagliano,,Normal,2023-09-07,Thursday,4,Mini,21401,,0,100,True,,81
Joel Fagliano,,Normal,2023-09-08,Friday,5,Mini,21407,,0,100,True,,37
Joel Fagliano,,Normal,2023-09-09,Saturday,6,Mini,21404,,0,100,True,,55
Joel Fagliano,,Normal,2023-09-10,Sunday,0,Mini,21408,,0,100,True,,46
Joel Fagliano,,Normal,2023-09-11,Monday,1,Mini,21410,,0,100,True,,33
Joel Fagliano,,Normal,2023-09-12,Tuesday,2,Mini,21415,,0,100,True,,183
Joel Fagliano,,Normal,2023-09-13,Wednesday,3,Mini,21416,,0,100,True,,104
Joel Fagliano,,Normal,2023-09-14,Thursday,4,Mini,21417,,0,100,True,,42
Joel Fagliano,,Normal,2023-09-15,Friday,5,Mini,21419,,0,100,True,,41
Joel Fagliano,,Normal,2023-09-16,Saturday,6,Mini,21421,,0,100,True,,148
Joel Fagliano,,Normal,2023-09-17,Sunday,0,Mini,21420,,0,100,True,,35
Joel Fagliano,,Normal,2023-09-18,Monday,1,Mini,21441,,0,100,True,,32
Joel Fagliano,,Normal,2023-09-19,Tuesday,2,Mini,21439,,0,100,True,,18
Joel Fagliano,,Normal,2023-09-20,Wednesday,3,Mini,21438,,0,100,True,,31
Joel Fagliano,,Normal,2023-09-21,Thursday,4,Mini,21442,,0,100,True,,48
Joel Fagliano,,Normal,2023-09-22,Friday,5,Mini,21440,,0,100,True,,94
Joel Fagliano,,Normal,2023-09-23,Saturday,6,Mini,21444,,0,100,True,,144
Joel Fagliano,,Normal,2023-09-24,Sunday,0,Mini,21443,,0,100,True,,87
Joel Fagliano,,Normal,2023-09-25,Monday,1,Mini,21450,,0,100,True,,28
Joel Fagliano,,Normal,2023-09-26,Tuesday,2,Mini,21461,,0,100,True,,33
Joel Fagliano,,Normal,2023-09-27,Wednesday,3,Mini,21458,,0,100,True,,79
Joel Fagliano,,Normal,2023-09-28,Thursday,4,Mini,21460,,0,100,True,,41
Joel Fagliano,,Normal,2023-09-29,Friday,5,Mini,21462,,0,100,True,,200
Joel Fagliano,,Normal,2023-09-30,Saturday,6,Mini,21457,,0,100,True,,54
Joel Fagliano,,Normal,2023-10-01,Sunday,0,Mini,21459,,0,100,True,,34
Joel Fagliano,,Normal,2023-10-02,Monday,1,Mini,21468,,0,100,True,,85
Joel Fagliano,,Normal,2023-10-03,Tuesday,2,Mini,21469,,0,100,True,,37
Joel Fagliano,,Normal,2023-10-04,Wednesday,3,Mini,21470,,0,100,True,,41
Joel Fagliano,,Normal,2023-10-05,Thursday,4,Mini,21471,,0,100,True,,57
Joel Fagliano,,Normal,2023-10-06,Friday,5,Mini,21474,,0,100,True,,166
Joel Fagliano,,Normal,2023-10-07,Saturday,6,Mini,21472,,0,100,True,,108
Joel Fagliano,,Normal,2023-10-08,Sunday,0,Mini,21473,,0,100,True,,53
Joel Fagliano,,Normal,2023-10-09,Monday,1,Mini,21484,,0,100,True,,109
Joel Fagliano,,Normal,2023-10-10,Tuesday,2,Mini,21482,,0,100,True,,115
Joel Fagliano,,Normal,2023-10-11,Wednesday,3,Mini,21486,,0,100,True,,53
Joel Fagliano,,Normal,2023-10-12,Thursday,4,Mini,21487,,0,100,True,,116
Joel Fagliano,,Normal,2023-10-13,Friday,5,Mini,21485,,0,100,True,,35
Joel Fagliano,,Normal,2023-10-14,Saturday,6,Mini,21483,,0,100,True,,135
Joel Fagliano,,Normal,2023-10-15,Sunday,0,Mini,21488,,0,100,True,,29
Joel Fagliano,,Normal,2023-10-16,Monday,1,Mini,21494,,0,100,True,,37
Joel Fagliano,,Normal,2023-10-17,Tuesday,2,Mini,21495,,0,100,True,,39
Joel Fagliano,,Normal,2023-10-18,Wednesday,3,Mini,21496,,0,100,True,,39
Joel Fagliano,,Normal,2023-10-19,Thursday,4,Mini,21497,,0,100,True,,57
Joel Fagliano,,Normal,2023-10-20,Friday,5,Mini,21498,,0,100,True,,54
Joel Fagliano,,Normal,2023-10-21,Saturday,6,Mini,21499,,0,100,True,,268
Joel Fagliano,,Normal,2023-10-22,Sunday,0,Mini,21500,,0,100,True,,42
Joel Fagliano,,Normal,2023-10-23,Monday,1,Mini,21503,,0,100,True,,226
Joel Fagliano,,Normal,2023-10-24,Tuesday,2,Mini,21510,,0,100,True,,43
Joel Fagliano,,Normal,2023-10-25,Wednesday,3,Mini,21511,,0,100,True,,72
Joel Fagliano,,Normal,2023-10-26,Thursday,4,Mini,21514,,0,100,True,,48
Joel Fagliano,,Normal,2023-10-27,Friday,5,Mini,21513,,0,100,True,,77
Joel Fagliano,,Normal,2023-10-28,Saturday,6,Mini,21501,,0,100,True,,84
Joel Fagliano,,Normal,2023-10-29,Sunday,0,Mini,21502,,0,100,True,,44
Joel Fagliano,,Normal,2023-10-30,Monday,1,Mini,21521,,0,100,True,,44
Joel Fagliano,,Normal,2023-10-31,Tuesday,2,Mini,21466,,0,100,True,,33
Joel Fagliano,,Normal,2023-11-01,Wednesday,3,Mini,21519,,0,100,True,,79
Joel Fagliano,,Normal,2023-11-02,Thursday,4,Mini,21516,,0,100,True,,64
Joel Fagliano,,Normal,2023-11-03,Friday,5,Mini,21520,,0,100,True,,84
Joel Fagliano,,Normal,2023-11-04,Saturday,6,Mini,21522,,0,100,True,,83
Joel Fagliano,,Normal,2023-11-05,Sunday,0,Mini,21523,,0,100,True,,38
Joel Fagliano,,Normal,2023-11-06,Monday,1,Mini,21530,,0,100,True,,80
Joel Fagliano,,Normal,2023-11-07,Tuesday,2,Mini,21531,,0,100,True,,56
Joel Fagliano,,Normal,2023-11-08,Wednesday,3,Mini,21532,,0,100,True,,38
Joel Fagliano,,Normal,2023-11-09,Thursday,4,Mini,21533,,0,100,True,,83
Joel Fagliano,,Normal,2023-11-10,Friday,5,Mini,21534,,0,100,True,,42
Joel Fagliano,,Normal,2023-11-11,Saturday,6,Mini,21535,,0,100,True,,21
Joel Fagliano,,Normal,2023-11-12,Sunday,0,Mini,21536,,0,100,True,,146
Joel Fagliano,,Normal,2023-11-13,Monday,1,Mini,21554,,0,100,True,,43
Joel Fagliano,,Normal,2023-11-14,Tuesday,2,Mini,21555,,0,100,True,,30
Joel Fagliano,,Normal,2023-11-15,Wednesday,3,Mini,21553,,0,100,True,,53
Joel Fagliano,,Normal,2023-11-16,Thursday,4,Mini,21556,,0,100,True,,47
Joel Fagliano,,Normal,2023-11-17,Friday,5,Mini,21559,,0,100,True,,61
Joel Fagliano,,Normal,2023-11-18,Saturday,6,Mini,21537,,0,100,True,,107
Joel Fagliano,,Normal,2023-11-19,Sunday,0,Mini,21558,,0,100,True,,92
Joel Fagliano,,Normal,2023-11-20,Monday,1,Mini,21580,,0,100,True,,46
Joel Fagliano,,Normal,2023-11-21,Tuesday,2,Mini,21581,,0,100,True,,64
Joel Fagliano,,Normal,2023-11-22,Wednesday,3,Mini,21586,,0,100,True,,24
Joel Fagliano,,Normal,2023-11-23,Thursday,4,Mini,21583,,0,100,True,,30
Joel Fagliano,,Normal,2023-11-24,Friday,5,Mini,21585,,0,100,True,,30
Joel Fagliano,,Normal,2023-11-25,Saturday,6,Mini,21584,,0,100,True,,93
Joel Fagliano,,Normal,2023-11-26,Sunday,0,Mini,21582,,0,100,True,,52
Joel Fagliano,,Normal,2023-11-27,Monday,1,Mini,21590,,0,100,True,,42
Joel Fagliano,,Normal,2023-11-28,Tuesday,2,Mini,21589,,0,100,True,,33
Joel Fagliano,,Normal,2023-11-29,Wednesday,3,Mini,21591,,0,100,True,,54
Joel Fagliano,,Normal,2023-11-30,Thursday,4,Mini,21594,,0,100,True,,69
Joel Fagliano,,Normal,2023-12-01,Friday,5,Mini,21587,,0,100,True,,100
Joel Fagliano,,Normal,2023-12-02,Saturday,6,Mini,21593,,0,100,True,,125
Joel Fagliano,,Normal,2023-12-03,Sunday,0,Mini,21595,,0,100,True,,91
Joel Fagliano,,Normal,2023-12-04,Monday,1,Mini,21597,,0,100,True,,33
Joel Fagliano,,Normal,2023-12-05,Tuesday,2,Mini,21598,,0,100,True,,46
Joel Fagliano,,Normal,2023-12-06,Wednesday,3,Mini,21599,,0,100,True,,129
Joel Fagliano,,Normal,2023-12-07,Thursday,4,Mini,21600,,0,100,True,,33
Joel Fagliano,,Normal,2023-12-08,Friday,5,Mini,21601,,0,100,True,,24
Joel Fagliano,,Normal,2023-12-09,Saturday,6,Mini,21602,,0,100,True,,78
Joel Fagliano,,Normal,2023-12-10,Sunday,0,Mini,21603,,0,100,True,,15
Joel Fagliano,,Normal,2023-12-11,Monday,1,Mini,21612,,0,100,True,,45
Joel Fagliano,,Normal,2023-12-12,Tuesday,2,Mini,21618,,0,100,True,,60
Joel Fagliano,,Normal,2023-12-13,Wednesday,3,Mini,21621,,0,100,True,,37
Joel Fagliano,,Normal,2023-12-14,Thursday,4,Mini,21624,,0,0,False,,44
Joel Fagliano,,Normal,2023-12-15,Friday,5,Mini,21616,,0,100,True,,31
Joel Fagliano,,Normal,2023-12-16,Saturday,6,Mini,21617,,0,100,True,,139
Joel Fagliano,,Normal,2023-12-17,Sunday,0,Mini,21619,,0,100,True,,58
Joel Fagliano,,Normal,2023-12-18,Monday,1,Mini,21630,,0,100,True,,29
Joel Fagliano,,Normal,2023-12-19,Tuesday,2,Mini,21631,,0,100,True,,15
Joel Fagliano,,Normal,2023-12-20,Wednesday,3,Mini,21632,,0,100,True,,23
Joel Fagliano,,Normal,2023-12-21,Thursday,4,Mini,21633,,0,100,True,,35
Joel Fagliano,,Normal,2023-12-22,Friday,5,Mini,21635,,0,100,True,,69
Joel Fagliano,,Normal,2023-12-23,Saturday,6,Mini,21636,,0,100,True,,57
Joel Fagliano,,Normal,2023-12-24,Sunday,0,Mini,21634,,0,100,True,,20
Joel Fagliano,,Normal,2023-12-25,Monday,1,Mini,21646,,0,100,True,,36
Joel Fagliano,,Normal,2023-12-26,Tuesday,2,Mini,21640,,0,100,True,,31
Joel Fagliano,,Normal,2023-12-27,Wednesday,3,Mini,21642,,0,100,True,,40
Joel Fagliano,,Normal,2023-12-28,Thursday,4,Mini,21643,,0,100,True,,33
Joel Fagliano,,Normal,2023-12-29,Friday,5,Mini,21641,,0,100,True,,53
Joel Fagliano,,Normal,2023-12-30,Saturday,6,Mini,21651,,0,100,True,,110
Joel Fagliano,,Normal,2023-12-31,Sunday,0,Mini,21652,,0,100,True,,34
Joel Fagliano,,Normal,2024-01-01,Monday,1,Mini,21644,,0,100,True,,112
Joel Fagliano,,Normal,2024-01-02,Tuesday,2,Mini,21650,,0,100,True,,22
Joel Fagliano,,Normal,2024-01-03,Wednesday,3,Mini,21653,,0,100,True,,50
Joel Fagliano,,Normal,2024-01-04,Thursday,4,Mini,21663,,0,100,True,,34
Joel Fagliano,,Normal,2024-01-05,Friday,5,Mini,21664,,0,100,True,,123
Joel Fagliano,,Normal,2024-01-06,Saturday,6,Mini,21666,,0,100,True,,49
Joel Fagliano,,Normal,2024-01-07,Sunday,0,Mini,21665,,0,100,True,,57
Joel Fagliano,,Normal,2024-01-08,Monday,1,Mini,21671,,0,100,True,,87
Joel Fagliano,,Normal,2024-01-09,Tuesday,2,Mini,21676,,0,100,True,,25
Joel Fagliano,,Normal,2024-01-10,Wednesday,3,Mini,21672,,0,100,True,,81
Joel Fagliano,,Normal,2024-01-11,Thursday,4,Mini,21677,,0,100,True,,85
Joel Fagliano,,Normal,2024-01-12,Friday,5,Mini,21680,,0,100,True,,49
Joel Fagliano,,Normal,2024-01-13,Saturday,6,Mini,21675,,0,100,True,,166
Joel Fagliano,,Normal,2024-01-14,Sunday,0,Mini,21681,,0,100,True,,22
Joel Fagliano,,Normal,2024-01-15,Monday,1,Mini,21692,,0,100,True,,38
Joel Fagliano,,Normal,2024-01-16,Tuesday,2,Mini,21695,,0,100,True,,29
Joel Fagliano,,Normal,2024-01-17,Wednesday,3,Mini,21693,,0,100,True,,48
Joel Fagliano,,Normal,2024-01-18,Thursday,4,Mini,21696,,0,100,True,,35
Joel Fagliano,,Normal,2024-01-19,Friday,5,Mini,21697,,0,100,True,,69
Joel Fagliano,,Normal,2024-01-20,Saturday,6,Mini,21694,,0,100,True,,131
Joel Fagliano,,Normal,2024-01-21,Sunday,0,Mini,21691,,0,100,True,,35
Joel Fagliano,,Normal,2024-01-22,Monday,1,Mini,21707,,0,100,True,,62
Joel Fagliano,,Normal,2024-01-23,Tuesday,2,Mini,21702,,0,100,True,,68
Joel Fagliano,,Normal,2024-01-24,Wednesday,3,Mini,21708,,0,100,True,,48
Joel Fagliano,,Normal,2024-01-25,Thursday,4,Mini,21703,,0,100,True,,35
Joel Fagliano,,Normal,2024-01-26,Friday,5,Mini,21706,,0,100,True,,44
Joel Fagliano,,Normal,2024-01-27,Saturday,6,Mini,21705,,0,100,True,,136
Joel Fagliano,,Normal,2024-01-28,Sunday,0,Mini,21709,,0,100,True,,34
Joel Fagliano,,Normal,2024-01-29,Monday,1,Mini,21724,,0,100,True,,34
Joel Fagliano,,Normal,2024-01-30,Tuesday,2,Mini,21728,,0,100,True,,34
Joel Fagliano,,Normal,2024-01-31,Wednesday,3,Mini,21722,,0,100,True,,56
Joel Fagliano,,Normal,2024-02-01,Thursday,4,Mini,21721,,0,100,True,,74
Joel Fagliano,,Normal,2024-02-02,Friday,5,Mini,21723,,0,100,True,,75
Joel Fagliano,,Normal,2024-02-03,Saturday,6,Mini,21730,,0,100,True,,82
Joel Fagliano,,Normal,2024-02-04,Sunday,0,Mini,21731,,0,100,True,,92
Joel Fagliano,,Normal,2024-02-05,Monday,1,Mini,21746,,0,100,True,,54
Joel Fagliano,,Normal,2024-02-06,Tuesday,2,Mini,21752,,0,100,True,,62
Joel Fagliano,,Normal,2024-02-07,Wednesday,3,Mini,21745,,0,100,True,,41
Joel Fagliano,,Normal,2024-02-08,Thursday,4,Mini,21734,,0,100,True,,104
Joel Fagliano,,Normal,2024-02-09,Friday,5,Mini,21753,,0,100,True,,45
Joel Fagliano,,Normal,2024-02-10,Saturday,6,Mini,21737,,0,100,True,,100
Joel Fagliano,,Normal,2024-02-11,Sunday,0,Mini,21756,,0,100,True,,27
Joel Fagliano,,Normal,2024-02-12,Monday,1,Mini,21735,,0,100,True,,68
Joel Fagliano,,Normal,2024-02-13,Tuesday,2,Mini,21741,,0,100,True,,21
Joel Fagliano,,Normal,2024-02-14,Wednesday,3,Mini,21742,,0,100,True,,33
Joel Fagliano,,Normal,2024-02-15,Thursday,4,Mini,21760,,0,100,True,,24
Joel Fagliano,,Normal,2024-02-16,Friday,5,Mini,21761,,0,100,True,,67
Joel Fagliano,,Normal,2024-02-17,Saturday,6,Mini,21744,,0,100,True,,100
Joel Fagliano,,Normal,2024-02-18,Sunday,0,Mini,21762,,0,100,True,,35
Joel Fagliano,,Normal,2024-02-19,Monday,1,Mini,21772,,0,100,True,,63
Joel Fagliano,,Normal,2024-02-20,Tuesday,2,Mini,21764,,0,100,True,,47
Joel Fagliano,,Normal,2024-02-21,Wednesday,3,Mini,21773,,0,100,True,,65
Joel Fagliano,,Normal,2024-02-22,Thursday,4,Mini,21778,,0,100,True,,27
Joel Fagliano,,Normal,2024-02-23,Friday,5,Mini,21780,,0,100,True,,43
Joel Fagliano,,Normal,2024-02-24,Saturday,6,Mini,21774,,0,100,True,,119
Joel Fagliano,,Normal,2024-02-25,Sunday,0,Mini,21781,,0,100,True,,177
Joel Fagliano,,Normal,2024-02-26,Monday,1,Mini,21782,,0,100,True,,26
Joel Fagliano,,Normal,2024-02-27,Tuesday,2,Mini,21784,,0,100,True,,102
Joel Fagliano,,Normal,2024-02-28,Wednesday,3,Mini,21786,,0,100,True,,31
Joel Fagliano,,Normal,2024-02-29,Thursday,4,Mini,21793,,0,100,True,,49
Joel Fagliano,,Normal,2024-03-01,Friday,5,Mini,21785,,0,100,True,,23
Joel Fagliano,,Normal,2024-03-02,Saturday,6,Mini,21794,,0,100,True,,68
Joel Fagliano,,Normal,2024-03-03,Sunday,0,Mini,21783,,0,100,True,,112
Joel Fagliano,,Normal,2024-03-04,Monday,1,Mini,21806,,0,100,True,,75
Joel Fagliano,,Normal,2024-03-05,Tuesday,2,Mini,21807,,0,100,True,,43
Joel Fagliano,,Normal,2024-03-06,Wednesday,3,Mini,21808,,0,100,True,,78
Joel Fagliano,,Normal,2024-03-07,Thursday,4,Mini,21809,,0,100,True,,105
Joel Fagliano,,Normal,2024-03-08,Friday,5,Mini,21810,,0,100,True,,148
Joel Fagliano,,Normal,2024-03-09,Saturday,6,Mini,21803,,0,100,True,,58
Joel Fagliano,,Normal,2024-03-10,Sunday,0,Mini,21818,,0,100,True,,43
Joel Fagliano,,Normal,2024-03-11,Monday,1,Mini,21824,,0,100,True,,52
Joel Fagliano,,Normal,2024-03-12,Tuesday,2,Mini,21822,,0,100,True,,25
Joel Fagliano,,Normal,2024-03-13,Wednesday,3,Mini,21823,,0,100,True,,46
Joel Fagliano,,Normal,2024-03-14,Thursday,4,Mini,21825,,0,100,True,,57
Joel Fagliano,,Normal,2024-03-15,Friday,5,Mini,21826,,0,100,True,,51
Joel Fagliano,,Normal,2024-03-16,Saturday,6,Mini,21827,,0,100,True,,55
Joel Fagliano,,Normal,2024-03-17,Sunday,0,Mini,21828,,0,100,True,,43
Joel Fagliano,,Normal,2024-03-18,Monday,1,Mini,21832,,0,100,True,,66
Joel Fagliano,,Normal,2024-03-19,Tuesday,2,Mini,21833,,0,100,True,,31
Joel Fagliano,,Normal,2024-03-20,Wednesday,3,Mini,21834,,0,100,True,,39
Joel Fagliano,,Normal,2024-03-21,Thursday,4,Mini,21838,,0,100,True,,92
Joel Fagliano,,Normal,2024-03-22,Friday,5,Mini,21839,,0,100,True,,100
Joel Fagliano,,Normal,2024-03-23,Saturday,6,Mini,21835,,0,0,False,,39
Joel Fagliano,,Normal,2024-03-24,Sunday,0,Mini,21840,,0,100,True,,72
Joel Fagliano,,Normal,2024-03-25,Monday,1,Mini,21849,,0,100,True,,41
Joel Fagliano,,Normal,2024-03-26,Tuesday,2,Mini,21852,,0,100,True,,54
Joel Fagliano,,Normal,2024-03-27,Wednesday,3,Mini,21850,,0,100,True,,29
Joel Fagliano,,Normal,2024-03-28,Thursday,4,Mini,21851,,0,100,True,,24
Joel Fagliano,,Normal,2024-03-29,Friday,5,Mini,21864,,0,100,True,,80
Joel Fagliano,,Normal,2024-03-30,Saturday,6,Mini,21863,,0,100,True,,69
Joel Fagliano,,Normal,2024-03-31,Sunday,0,Mini,21853,,0,100,True,,41
Joel Fagliano,,Normal,2024-04-01,Monday,1,Mini,21879,,0,100,True,,67
Joel Fagliano,,Normal,2024-04-02,Tuesday,2,Mini,21883,,0,100,True,,45
Joel Fagliano,,Normal,2024-04-03,Wednesday,3,Mini,21875,,0,100,True,,22
Joel Fagliano,,Normal,2024-04-04,Thursday,4,Mini,21876,,0,100,True,,56
Joel Fagliano,,Normal,2024-04-05,Friday,5,Mini,21877,,0,100,True,,42
Joel Fagliano,,Normal,2024-04-06,Saturday,6,Mini,21878,,0,100,True,,46
Joel Fagliano,,Normal,2024-04-07,Sunday,0,Mini,21888,,0,100,True,,41
Christina Iverson,Sam Ezersky,Normal,2024-04-08,Monday,1,Mini,21870,,0,100,True,,36
Christina Iverson,Sam Ezersky,Normal,2024-04-09,Tuesday,2,Mini,21890,,0,100,True,,51
Christina Iverson,Sam Ezersky,Normal,2024-04-10,Wednesday,3,Mini,21867,,0,100,True,,51
Christina Iverson,Sam Ezersky,Normal,2024-04-11,Thursday,4,Mini,21866,,0,100,True,,42
Christina Iverson,Sam Ezersky,Normal,2024-04-12,Friday,5,Mini,21869,,0,100,True,,96
Christina Iverson,Sam Ezersky,Normal,2024-04-13,Saturday,6,Mini,21881,,0,100,True,,50
Christina Iverson,Sam Ezersky,Normal,2024-04-14,Sunday,0,Mini,21882,,0,100,True,,33
Wyna Liu,Sam Ezersky,Normal,2024-04-15,Monday,1,Mini,21909,,0,100,True,,11
Wyna Liu,Sam Ezersky,Normal,2024-04-16,Tuesday,2,Mini,21908,,0,100,True,,171
Wyna Liu,Sam Ezersky,Normal,2024-04-17,Wednesday,3,Mini,21911,,0,100,True,,112
Wyna Liu,Sam Ezersky,Normal,2024-04-18,Thursday,4,Mini,21912,,0,100,True,,27
Wyna Liu,Sam Ezersky,Normal,2024-04-19,Friday,5,Mini,21910,,0,100,True,,30
Wyna Liu,Sam Ezersky,Normal,2024-04-20,Saturday,6,Mini,21914,,0,100,True,,98
Wyna Liu,Sam Ezersky,Normal,2024-04-21,Sunday,0,Mini,21913,,0,100,True,,67
Tracy Bennett,Sam Ezersky,Normal,2024-04-22,Monday,1,Mini,21899,,0,100,True,,25
Tracy Bennett,Sam Ezersky,Normal,2024-04-23,Tuesday,2,Mini,21900,,0,100,True,,29
Tracy Bennett,Sam Ezersky,Normal,2024-04-24,Wednesday,3,Mini,21901,,0,100,True,,100
Tracy Bennett,Sam Ezersky,Normal,2024-04-25,Thursday,4,Mini,21904,,0,100,True,,61
Tracy Bennett,Sam Ezersky,Normal,2024-04-26,Friday,5,Mini,21905,,0,100,True,,55
Tracy Bennett,Sam Ezersky,Normal,2024-04-27,Saturday,6,Mini,21915,,0,100,True,,103
Tracy Bennett,Sam Ezersky,Normal,2024-04-28,Sunday,0,Mini,21907,,0,100,True,,42
Joel Fagliano,Sam Ezersky,Normal,2024-04-29,Monday,1,Mini,21923,,0,100,True,,31
Joel Fagliano,Sam Ezersky,Normal,2024-04-30,Tuesday,2,Mini,21926,,0,100,True,,38
Joel Fagliano,Sam Ezersky,Normal,2024-05-01,Wednesday,3,Mini,21932,,0,100,True,,25
Joel Fagliano,Sam Ezersky,Normal,2024-05-02,Thursday,4,Mini,21936,,0,100,True,,32
Joel Fagliano,Sam Ezersky,Normal,2024-05-03,Friday,5,Mini,21938,,0,100,True,,10
Joel Fagliano,Sam Ezersky,Normal,2024-05-04,Saturday,6,Mini,21933,,0,100,True,,80
Joel Fagliano,Sam Ezersky,Normal,2024-05-05,Sunday,0,Mini,21935,,0,100,True,,61
Christina Iverson,Sam Ezersky,Normal,2024-05-06,Monday,1,Mini,21947,,0,100,True,,56
Christina Iverson,Sam Ezersky,Normal,2024-05-07,Tuesday,2,Mini,21945,,0,100,True,,30
Christina Iverson,Sam Ezersky,Normal,2024-05-08,Wednesday,3,Mini,21944,,0,100,True,,45
Christina Iverson,Sam Ezersky,Normal,2024-05-09,Thursday,4,Mini,21958,,0,100,True,,15
Christina Iverson,Sam Ezersky,Normal,2024-05-10,Friday,5,Mini,21942,,0,100,True,,34
Christina Iverson,Sam Ezersky,Normal,2024-05-11,Saturday,6,Mini,21946,,0,100,True,,42
Christina Iverson,Sam Ezersky,Normal,2024-05-12,Sunday,0,Mini,21957,,0,100,True,,31
Wyna Liu,Sam Ezersky,Normal,2024-05-13,Monday,1,Mini,21966,,0,100,True,,45
Wyna Liu,Sam Ezersky,Normal,2024-05-14,Tuesday,2,Mini,21967,,0,100,True,,56
Wyna Liu,Sam Ezersky,Normal,2024-05-15,Wednesday,3,Mini,21968,,0,100,True,,23
Wyna Liu,Sam Ezersky,Normal,2024-05-16,Thursday,4,Mini,21969,,0,100,True,,34
Wyna Liu,Sam Ezersky,Normal,2024-05-17,Friday,5,Mini,21970,,0,100,True,,21
Wyna Liu,Sam Ezersky,Normal,2024-05-18,Saturday,6,Mini,21971,,0,100,True,,105
Wyna Liu,Sam Ezersky,Normal,2024-05-19,Sunday,0,Mini,21972,,0,100,True,,55
Tracy Bennett,Sam Ezersky,Normal,2024-05-20,Monday,1,Mini,21982,,0,100,True,,55
Tracy Bennett,Sam Ezersky,Normal,2024-05-21,Tuesday,2,Mini,21994,,0,100,True,,87
Tracy Bennett,Sam Ezersky,Normal,2024-05-22,Wednesday,3,Mini,21984,,0,100,True,,88
Tracy Bennett,Sam Ezersky,Normal,2024-05-23,Thursday,4,Mini,21983,,0,100,True,,54
Tracy Bennett,Sam Ezersky,Normal,2024-05-24,Friday,5,Mini,21985,,0,100,True,,60
Tracy Bennett,Sam Ezersky,Normal,2024-05-25,Saturday,6,Mini,21993,,0,100,True,,81
Tracy Bennett,Sam Ezersky,Normal,2024-05-26,Sunday,0,Mini,21987,,0,100,True,,144
Joel Fagliano,Sam Ezersky,Normal,2024-05-27,Monday,1,Mini,21989,,0,100,True,,35
Joel Fagliano,Sam Ezersky,Normal,2024-05-28,Tuesday,2,Mini,21988,,0,100,True,,47
Joel Fagliano,Sam Ezersky,Normal,2024-05-29,Wednesday,3,Mini,21990,,0,100,True,,34
Joel Fagliano,Sam Ezersky,Normal,2024-05-30,Thursday,4,Mini,22007,,0,100,True,,48
Joel Fagliano,Sam Ezersky,Normal,2024-05-31,Friday,5,Mini,22009,,0,100,True,,28
Joel Fagliano,Sam Ezersky,Normal,2024-06-01,Saturday,6,Mini,22008,,0,100,True,,59
Joel Fagliano,Sam Ezersky,Normal,2024-06-02,Sunday,0,Mini,22010,,0,100,True,,31
Christina Iverson,Sam Ezersky,Normal,2024-06-03,Monday,1,Mini,22019,,0,100,True,,33
Christina Iverson,Sam Ezersky,Normal,2024-06-04,Tuesday,2,Mini,22024,,0,100,True,,42
Christina Iverson,Sam Ezersky,Normal,2024-06-05,Wednesday,3,Mini,22021,,0,100,True,,112
Christina Iverson,Sam Ezersky,Normal,2024-06-06,Thursday,4,Mini,22022,,0,100,True,,76
Christina Iverson,Sam Ezersky,Normal,2024-06-07,Friday,5,Mini,22023,,0,100,True,,38
Christina Iverson,Sam Ezersky,Normal,2024-06-08,Saturday,6,Mini,22025,,0,100,True,,78
Christina Iverson,Sam Ezersky,Normal,2024-06-09,Sunday,0,Mini,22020,,0,100,True,,43
Wyna Liu,Sam Ezersky,Normal,2024-06-10,Monday,1,Mini,22037,,0,100,True,,58
Wyna Liu,Sam Ezersky,Normal,2024-06-11,Tuesday,2,Mini,22040,,0,100,True,,25
Wyna Liu,Sam Ezersky,Normal,2024-06-12,Wednesday,3,Mini,22039,,0,100,True,,67
Wyna Liu,Sam Ezersky,Normal,2024-06-13,Thursday,4,Mini,22038,,0,100,True,,20
Wyna Liu,Sam Ezersky,Normal,2024-06-14,Friday,5,Mini,22036,,0,100,True,,36
Wyna Liu,Sam Ezersky,Normal,2024-06-15,Saturday,6,Mini,22034,,0,100,True,,90
Wyna Liu,Sam Ezersky,Normal,2024-06-16,Sunday,0,Mini,22035,,0,100,True,,33
Tracy Bennett,Sam Ezersky,Normal,2024-06-17,Monday,1,Mini,22068,,0,100,True,,40
Tracy Bennett,Sam Ezersky,Normal,2024-06-18,Tuesday,2,Mini,22067,,0,100,True,,32
Tracy Bennett,Sam Ezersky,Normal,2024-06-19,Wednesday,3,Mini,22066,,0,100,True,,25
Tracy Bennett,Sam Ezersky,Normal,2024-06-20,Thursday,4,Mini,22065,,0,100,True,,56
Tracy Bennett,Sam Ezersky,Normal,2024-06-21,Friday,5,Mini,22063,,0,100,True,,23
Tracy Bennett,Sam Ezersky,Normal,2024-06-22,Saturday,6,Mini,22062,,0,100,True,,129
Tracy Bennett,Sam Ezersky,Normal,2024-06-23,Sunday,0,Mini,22070,,0,100,True,,113
Joel Fagliano,Sam Ezersky,Normal,2024-06-24,Monday,1,Mini,22075,,0,100,True,,28
Joel Fagliano,Sam Ezersky,Normal,2024-06-25,Tuesday,2,Mini,22078,,0,100,True,,50
Joel Fagliano,Sam Ezersky,Normal,2024-06-26,Wednesday,3,Mini,22080,,0,100,True,,35
Joel Fagliano,Sam Ezersky,Normal,2024-06-27,Thursday,4,Mini,22079,,0,100,True,,48
Joel Fagliano,Sam Ezersky,Normal,2024-06-28,Friday,5,Mini,22076,,0,100,True,,104
Joel Fagliano,Sam Ezersky,Normal,2024-06-29,Saturday,6,Mini,22082,,0,100,True,,65
Joel Fagliano,Sam Ezersky,Normal,2024-06-30,Sunday,0,Mini,22081,,0,100,True,,24
Christina Iverson,Sam Ezersky,Normal,2024-07-01,Monday,1,Mini,22055,,0,0,False,,38
Christina Iverson,Sam Ezersky,Normal,2024-07-02,Tuesday,2,Mini,22052,,0,100,True,,30
Christina Iverson,Sam Ezersky,Normal,2024-07-03,Wednesday,3,Mini,22056,,0,100,True,,65
Christina Iverson,Sam Ezersky,Normal,2024-07-04,Thursday,4,Mini,22054,,0,100,True,,35
Christina Iverson,Sam Ezersky,Normal,2024-07-05,Friday,5,Mini,22053,,0,100,True,,25
Christina Iverson,Sam Ezersky,Normal,2024-07-06,Saturday,6,Mini,22057,,0,100,True,,113
Christina Iverson,Sam Ezersky,Normal,2024-07-07,Sunday,0,Mini,22051,,0,100,True,,55
Wyna Liu,Sam Ezersky,Normal,2024-07-08,Monday,1,Mini,22099,,0,100,True,,38
Wyna Liu,Sam Ezersky,Normal,2024-07-09,Tuesday,2,Mini,22103,,0,100,True,,34
Wyna Liu,Sam Ezersky,Normal,2024-07-10,Wednesday,3,Mini,22107,,0,100,True,,35
Wyna Liu,Sam Ezersky,Normal,2024-07-11,Thursday,4,Mini,22104,,0,100,True,,45
Wyna Liu,Sam Ezersky,Normal,2024-07-12,Friday,5,Mini,22108,,0,100,True,,46
Wyna Liu,Sam Ezersky,Normal,2024-07-13,Saturday,6,Mini,22100,,0,100,True,,73
Wyna Liu,Sam Ezersky,Normal,2024-07-14,Sunday,0,Mini,22106,,0,100,True,,47
Tracy Bennett,Sam Ezersky,Normal,2024-07-15,Monday,1,Mini,22123,,0,100,True,,51
Tracy Bennett,Sam Ezersky,Normal,2024-07-16,Tuesday,2,Mini,22124,,0,100,True,,40
Tracy Bennett,Sam Ezersky,Normal,2024-07-17,Wednesday,3,Mini,22121,,0,100,True,,36
Tracy Bennett,Sam Ezersky,Normal,2024-07-18,Thursday,4,Mini,22128,,0,100,True,,38
Tracy Bennett,Sam Ezersky,Normal,2024-07-19,Friday,5,Mini,22126,,0,100,True,,66
Tracy Bennett,Sam Ezersky,Normal,2024-07-20,Saturday,6,Mini,22127,,0,100,True,,64
Tracy Bennett,Sam Ezersky,Normal,2024-07-21,Sunday,0,Mini,22125,,0,100,True,,39
Joel Fagliano,Sam Ezersky,Normal,2024-07-22,Monday,1,Mini,22136,,0,100,True,,29
Joel Fagliano,Sam Ezersky,Normal,2024-07-23,Tuesday,2,Mini,22140,,0,100,True,,56
Joel Fagliano,Sam Ezersky,Normal,2024-07-24,Wednesday,3,Mini,22150,,0,100,True,,43
Joel Fagliano,Sam Ezersky,Normal,2024-07-25,Thursday,4,Mini,22142,,0,100,True,,43
Joel Fagliano,Sam Ezersky,Normal,2024-07-26,Friday,5,Mini,22141,,0,100,True,,40
Joel Fagliano,Sam Ezersky,Normal,2024-07-27,Saturday,6,Mini,22135,,0,100,True,,74
Joel Fagliano,Sam Ezersky,Normal,2024-07-28,Sunday,0,Mini,22151,,0,100,True,,37
Christina Iverson,Sam Ezersky,Normal,2024-07-29,Monday,1,Mini,22143,,0,100,True,,33
Christina Iverson,Sam Ezersky,Normal,2024-07-30,Tuesday,2,Mini,22145,,0,100,True,,55
Christina Iverson,Sam Ezersky,Normal,2024-07-31,Wednesday,3,Mini,22147,,0,100,True,,159
Christina Iverson,Sam Ezersky,Normal,2024-08-01,Thursday,4,Mini,22149,,0,100,True,,48
Christina Iverson,Sam Ezersky,Normal,2024-08-02,Friday,5,Mini,22148,,0,100,True,,48
Christina Iverson,Sam Ezersky,Normal,2024-08-03,Saturday,6,Mini,22146,,0,100,True,,88
Christina Iverson,Sam Ezersky,Normal,2024-08-04,Sunday,0,Mini,22144,,0,100,True,,55
Wyna Liu,Sam Ezersky,Normal,2024-08-05,Monday,1,Mini,22164,,0,100,True,,21
Wyna Liu,Sam Ezersky,Normal,2024-08-06,Tuesday,2,Mini,22165,,0,100,True,,31
Wyna Liu,Sam Ezersky,Normal,2024-08-07,Wednesday,3,Mini,22166,,0,100,True,,28
Wyna Liu,Sam Ezersky,Normal,2024-08-08,Thursday,4,Mini,22168,,0,100,True,,40
Wyna Liu,Sam Ezersky,Normal,2024-08-09,Friday,5,Mini,22167,,0,100,True,,21
Wyna Liu,Sam Ezersky,Normal,2024-08-10,Saturday,6,Mini,22171,,0,100,True,,76
Wyna Liu,Sam Ezersky,Normal,2024-08-11,Sunday,0,Mini,22169,,0,100,True,,66
Joel Fagliano,Sam Ezersky,Normal,2024-08-12,Monday,1,Mini,22190,,0,100,True,,112
Joel Fagliano,Sam Ezersky,Normal,2024-08-13,Tuesday,2,Mini,22191,,0,100,True,,57
Joel Fagliano,Sam Ezersky,Normal,2024-08-14,Wednesday,3,Mini,22192,,0,100,True,,39
Joel Fagliano,Sam Ezersky,Normal,2024-08-15,Thursday,4,Mini,22195,,0,100,True,,34
Joel Fagliano,Sam Ezersky,Normal,2024-08-16,Friday,5,Mini,22194,,0,100,True,,54
Joel Fagliano,Sam Ezersky,Normal,2024-08-17,Saturday,6,Mini,22196,,0,100,True,,111
Joel Fagliano,Sam Ezersky,Normal,2024-08-18,Sunday,0,Mini,22188,,0,100,True,,60
Joel Fagliano,Sam Ezersky,Normal,2024-08-19,Monday,1,Mini,22212,,0,100,True,,45
Joel Fagliano,Sam Ezersky,Normal,2024-08-20,Tuesday,2,Mini,22214,,0,100,True,,16
Joel Fagliano,Sam Ezersky,Normal,2024-08-21,Wednesday,3,Mini,22189,,0,100,True,,58
Joel Fagliano,Sam Ezersky,Normal,2024-08-22,Thursday,4,Mini,22193,,0,100,True,,55
Joel Fagliano,Sam Ezersky,Normal,2024-08-23,Friday,5,Mini,22213,,0,100,True,,40
Joel Fagliano,Sam Ezersky,Normal,2024-08-24,Saturday,6,Mini,22187,,0,100,True,,83
Joel Fagliano,Sam Ezersky,Normal,2024-08-25,Sunday,0,Mini,22215,,0,100,True,,18
Tracy Bennett,Sam Ezersky,Normal,2024-08-26,Monday,1,Mini,22204,,0,100,True,,48
Tracy Bennett,Sam Ezersky,Normal,2024-08-27,Tuesday,2,Mini,22205,,0,100,True,,57
Tracy Bennett,Sam Ezersky,Normal,2024-08-28,Wednesday,3,Mini,22210,,0,100,True,,48
Tracy Bennett,Sam Ezersky,Normal,2024-08-29,Thursday,4,Mini,22216,,0,100,True,,42
Tracy Bennett,Sam Ezersky,Normal,2024-08-30,Friday,5,Mini,22218,,0,100,True,,73
Tracy Bennett,Sam Ezersky,Normal,2024-08-31,Saturday,6,Mini,22221,,0,100,True,,105
Tracy Bennett,Sam Ezersky,Normal,2024-09-01,Sunday,0,Mini,22222,,0,100,True,,49
Wyna Liu,Sam Ezersky,Normal,2024-09-02,Monday,1,Mini,22228,,0,100,True,,36
Wyna Liu,Sam Ezersky,Normal,2024-09-03,Tuesday,2,Mini,22229,,0,100,True,,37
Wyna Liu,Sam Ezersky,Normal,2024-09-04,Wednesday,3,Mini,22230,,0,100,True,,25
Wyna Liu,Sam Ezersky,Normal,2024-09-05,Thursday,4,Mini,22232,,0,100,True,,43
Wyna Liu,Sam Ezersky,Normal,2024-09-06,Friday,5,Mini,22233,,0,100,True,,31
Wyna Liu,Sam Ezersky,Normal,2024-09-07,Saturday,6,Mini,22234,,0,100,True,,84
Wyna Liu,Sam Ezersky,Normal,2024-09-08,Sunday,0,Mini,22231,,0,100,True,,29
Christina Iverson,Sam Ezersky,Normal,2024-09-09,Monday,1,Mini,22181,,0,100,True,,45
Christina Iverson,Sam Ezersky,Normal,2024-09-10,Tuesday,2,Mini,22180,,0,100,True,,60
Christina Iverson,Sam Ezersky,Normal,2024-09-11,Wednesday,3,Mini,22179,,0,100,True,,46
Christina Iverson,Sam Ezersky,Normal,2024-09-12,Thursday,4,Mini,22178,,0,100,True,,39
Christina Iverson,Sam Ezersky,Normal,2024-09-13,Friday,5,Mini,22177,,0,100,True,,21
Christina Iverson,Sam Ezersky,Normal,2024-09-14,Saturday,6,Mini,22175,,0,100,True,,44
Christina Iverson,Sam Ezersky,Normal,2024-09-15,Sunday,0,Mini,22176,,0,100,True,,24
Joel Fagliano,Sam Ezersky,Normal,2024-09-16,Monday,1,Mini,22259,,0,100,True,,24
Joel Fagliano,Sam Ezersky,Normal,2024-09-17,Tuesday,2,Mini,22263,,0,100,True,,51
Joel Fagliano,Sam Ezersky,Normal,2024-09-18,Wednesday,3,Mini,22262,,0,100,True,,27
Joel Fagliano,Sam Ezersky,Normal,2024-09-19,Thursday,4,Mini,22258,,0,100,True,,48
Joel Fagliano,Sam Ezersky,Normal,2024-09-20,Friday,5,Mini,22261,,0,100,True,,81
Joel Fagliano,Sam Ezersky,Normal,2024-09-21,Saturday,6,Mini,22264,,0,100,True,,106
Joel Fagliano,Sam Ezersky,Normal,2024-09-22,Sunday,0,Mini,22260,,0,100,True,,61
Christina Iverson,Sam Ezersky,Normal,2024-09-23,Monday,1,Mini,22272,,0,100,True,,32
Christina Iverson,Sam Ezersky,Normal,2024-09-24,Tuesday,2,Mini,22266,,0,100,True,,29
Christina Iverson,Sam Ezersky,Normal,2024-09-25,Wednesday,3,Mini,22269,,0,100,True,,36
Christina Iverson,Sam Ezersky,Normal,2024-09-26,Thursday,4,Mini,22270,,0,100,True,,47
Christina Iverson,Sam Ezersky,Normal,2024-09-27,Friday,5,Mini,22271,,0,100,True,,192
Christina Iverson,Sam Ezersky,Normal,2024-09-28,Saturday,6,Mini,22268,,0,100,True,,158
Christina Iverson,Sam Ezersky,Normal,2024-09-29,Sunday,0,Mini,22267,,0,100,True,,54
Wyna Liu,Sam Ezersky,Normal,2024-09-30,Monday,1,Mini,22277,,0,100,True,,61
Wyna Liu,Sam Ezersky,Normal,2024-10-01,Tuesday,2,Mini,22278,,0,100,True,,23
Wyna Liu,Sam Ezersky,Normal,2024-10-02,Wednesday,3,Mini,22279,,0,100,True,,27
Wyna Liu,Sam Ezersky,Normal,2024-10-03,Thursday,4,Mini,22280,,0,100,True,,46
Wyna Liu,Sam Ezersky,Normal,2024-10-04,Friday,5,Mini,22282,,0,100,True,,51
Wyna Liu,Sam Ezersky,Normal,2024-10-05,Saturday,6,Mini,22281,,0,100,True,,111
Wyna Liu,Sam Ezersky,Normal,2024-10-06,Sunday,0,Mini,22283,,0,100,True,,48
Tracy Bennett,Sam Ezersky,Normal,2024-10-07,Monday,1,Mini,22311,,0,100,True,,124
Tracy Bennett,Sam Ezersky,Normal,2024-10-08,Tuesday,2,Mini,22312,,0,100,True,,29
Tracy Bennett,Sam Ezersky,Normal,2024-10-09,Wednesday,3,Mini,22335,,0,0,False,,68
Tracy Bennett,Sam Ezersky,Normal,2024-10-10,Thursday,4,Mini,22314,,0,100,True,,123
Tracy Bennett,Sam Ezersky,Normal,2024-10-11,Friday,5,Mini,22325,,0,100,True,,54
Tracy Bennett,Sam Ezersky,Normal,2024-10-12,Saturday,6,Mini,22326,,0,100,True,,77
Tracy Bennett,Sam Ezersky,Normal,2024-10-13,Sunday,0,Mini,22313,,0,100,True,,35
Joel Fagliano,Sam Ezersky,Normal,2024-10-14,Monday,1,Mini,22355,,0,100,True,,54
Joel Fagliano,Sam Ezersky,Normal,2024-10-15,Tuesday,2,Mini,22346,,0,100,True,,47
Joel Fagliano,Sam Ezersky,Normal,2024-10-16,Wednesday,3,Mini,22359,,0,100,True,,66
Joel Fagliano,Sam Ezersky,Normal,2024-10-17,Thursday,4,Mini,22358,,0,100,True,,96
Joel Fagliano,Sam Ezersky,Normal,2024-10-18,Friday,5,Mini,22357,,0,100,True,,69
Joel Fagliano,Sam Ezersky,Normal,2024-10-19,Saturday,6,Mini,22353,,0,100,True,,110
Joel Fagliano,Sam Ezersky,Normal,2024-10-20,Sunday,0,Mini,22360,,0,100,True,,13
Christina Iverson,Sam Ezersky,Normal,2024-10-21,Monday,1,Mini,22365,,0,100,True,,65
Christina Iverson,Sam Ezersky,Normal,2024-10-22,Tuesday,2,Mini,22363,,0,100,True,,41
Christina Iverson,Sam Ezersky,Normal,2024-10-23,Wednesday,3,Mini,22369,,0,100,True,,45
Christina Iverson,Sam Ezersky,Normal,2024-10-24,Thursday,4,Mini,22364,,0,100,True,,75
Christina Iverson,Sam Ezersky,Normal,2024-10-25,Friday,5,Mini,22367,,0,100,True,,53
Christina Iverson,Sam Ezersky,Normal,2024-10-26,Saturday,6,Mini,22366,,0,100,True,,48
Christina Iverson,Sam Ezersky,Normal,2024-10-27,Sunday,0,Mini,22381,,0,100,True,,42
Wyna Liu,Sam Ezersky,Normal,2024-10-28,Monday,1,Mini,22386,,0,100,True,,58
Wyna Liu,Sam Ezersky,Normal,2024-10-29,Tuesday,2,Mini,22387,,0,100,True,,21
Wyna Liu,Sam Ezersky,Normal,2024-10-30,Wednesday,3,Mini,22389,,0,100,True,,34
Wyna Liu,Sam Ezersky,Normal,2024-10-31,Thursday,4,Mini,22385,,0,100,True,,49
Wyna Liu,Sam Ezersky,Normal,2024-11-01,Friday,5,Mini,22388,,0,100,True,,29
Wyna Liu,Sam Ezersky,Normal,2024-11-02,Saturday,6,Mini,22408,,0,100,True,,114
Wyna Liu,Sam Ezersky,Normal,2024-11-03,Sunday,0,Mini,22390,,0,100,True,,50
Tracy Bennett,Sam Ezersky,Normal,2024-11-04,Monday,1,Mini,22418,,0,100,True,,145
Tracy Bennett,Sam Ezersky,Normal,2024-11-05,Tuesday,2,Mini,22419,,0,100,True,,43
Tracy Bennett,Sam Ezersky,Normal,2024-11-06,Wednesday,3,Mini,22420,,0,100,True,,75
Tracy Bennett,Sam Ezersky,Normal,2024-11-07,Thursday,4,Mini,22421,,0,100,True,,298
Tracy Bennett,Sam Ezersky,Normal,2024-11-08,Friday,5,Mini,22422,,0,100,True,,52
Tracy Bennett,Sam Ezersky,Normal,2024-11-09,Saturday,6,Mini,22423,,0,100,True,,89
Tracy Bennett,Sam Ezersky,Normal,2024-11-10,Sunday,0,Mini,22425,,0,100,True,,50
Ian Livengood,Sam Ezersky,Normal,2024-11-11,Monday,1,Mini,22448,,0,100,True,,64
Ian Livengood,Sam Ezersky,Normal,2024-11-12,Tuesday,2,Mini,22449,,0,100,True,,66
Ian Livengood,Sam Ezersky,Normal,2024-11-13,Wednesday,3,Mini,22450,,0,100,True,,37
Ian Livengood,Sam Ezersky,Normal,2024-11-14,Thursday,4,Mini,22451,,0,100,True,,71
Ian Livengood,Sam Ezersky,Normal,2024-11-15,Friday,5,Mini,22452,,0,100,True,,56
Ian Livengood,Sam Ezersky,Normal,2024-11-16,Saturday,6,Mini,22453,,0,100,True,,149
Ian Livengood,Sam Ezersky,Normal,2024-11-17,Sunday,0,Mini,22454,,0,100,True,,47
Christina Iverson,Sam Ezersky,Normal,2024-11-18,Monday,1,Mini,22465,,0,100,True,,71
Christina Iverson,Sam Ezersky,Normal,2024-11-19,Tuesday,2,Mini,22462,,0,100,True,,43
Christina Iverson,Sam Ezersky,Normal,2024-11-20,Wednesday,3,Mini,22467,,0,100,True,,82
Christina Iverson,Sam Ezersky,Normal,2024-11-21,Thursday,4,Mini,22469,,0,100,True,,24
Christina Iverson,Sam Ezersky,Normal,2024-11-22,Friday,5,Mini,22466,,0,100,True,,54
Christina Iverson,Sam Ezersky,Normal,2024-11-23,Saturday,6,Mini,22468,,0,100,True,,205
Christina Iverson,Sam Ezersky,Normal,2024-11-24,Sunday,0,Mini,22463,,0,100,True,,45
Wyna Liu,Sam Ezersky,Normal,2024-11-25,Monday,1,Mini,22491,,0,100,True,,43
Wyna Liu,Sam Ezersky,Normal,2024-11-26,Tuesday,2,Mini,22490,,0,100,True,,75
Wyna Liu,Sam Ezersky,Normal,2024-11-27,Wednesday,3,Mini,22489,,0,100,True,,48
Wyna Liu,Sam Ezersky,Normal,2024-11-28,Thursday,4,Mini,22488,,0,100,True,,29
Wyna Liu,Sam Ezersky,Normal,2024-11-29,Friday,5,Mini,22487,,0,100,True,,32
Wyna Liu,Sam Ezersky,Normal,2024-11-30,Saturday,6,Mini,22485,,0,100,True,,78
Wyna Liu,Sam Ezersky,Normal,2024-12-01,Sunday,0,Mini,22486,,0,100,True,,39
Tracy Bennett,Sam Ezersky,Normal,2024-12-02,Monday,1,Mini,22495,,0,100,True,,61
Tracy Bennett,Sam Ezersky,Normal,2024-12-03,Tuesday,2,Mini,22496,,0,100,True,,37
Tracy Bennett,Sam Ezersky,Normal,2024-12-04,Wednesday,3,Mini,22497,,0,100,True,,54
Tracy Bennett,Sam Ezersky,Normal,2024-12-05,Thursday,4,Mini,22500,,0,100,True,,72
Tracy Bennett,Sam Ezersky,Normal,2024-12-06,Friday,5,Mini,22498,,0,100,True,,60
Tracy Bennett,Sam Ezersky,Normal,2024-12-07,Saturday,6,Mini,22499,,0,100,True,,170
Tracy Bennett,Sam Ezersky,Normal,2024-12-08,Sunday,0,Mini,22501,,0,100,True,,67
Ian Livengood,Sam Ezersky,Normal,2024-12-09,Monday,1,Mini,22477,,0,100,True,,19
Ian Livengood,Sam Ezersky,Normal,2024-12-10,Tuesday,2,Mini,22478,,0,100,True,,114
Ian Livengood,Sam Ezersky,Normal,2024-12-11,Wednesday,3,Mini,22479,,0,100,True,,76
Ian Livengood,Sam Ezersky,Normal,2024-12-12,Thursday,4,Mini,22480,,0,100,True,,63
Ian Livengood,Sam Ezersky,Normal,2024-12-13,Friday,5,Mini,22481,,0,100,True,,69
Ian Livengood,Sam Ezersky,Normal,2024-12-14,Saturday,6,Mini,22482,,0,100,True,,130
Ian Livengood,Sam Ezersky,Normal,2024-12-15,Sunday,0,Mini,22483,,0,100,True,,46
Christina Iverson,Sam Ezersky,Normal,2024-12-16,Monday,1,Mini,22506,,0,100,True,,26
Christina Iverson,Sam Ezersky,Normal,2024-12-17,Tuesday,2,Mini,22505,,0,100,True,,50
Christina Iverson,Sam Ezersky,Normal,2024-12-18,Wednesday,3,Mini,22503,,0,100,True,,35
Christina Iverson,Sam Ezersky,Normal,2024-12-19,Thursday,4,Mini,22504,,0,100,True,,40
Christina Iverson,Sam Ezersky,Normal,2024-12-20,Friday,5,Mini,22508,,0,100,True,,24
Christina Iverson,Sam Ezersky,Normal,2024-12-21,Saturday,6,Mini,22502,,0,100,True,,46
Christina Iverson,Sam Ezersky,Normal,2024-12-22,Sunday,0,Mini,22507,,0,100,True,,68
Ian Livengood,Sam Ezersky,Normal,2024-12-23,Monday,1,Mini,22512,,0,100,True,,66
Ian Livengood,Sam Ezersky,Normal,2024-12-24,Tuesday,2,Mini,22514,,0,100,True,,34
Ian Livengood,Sam Ezersky,Normal,2024-12-25,Wednesday,3,Mini,22513,,0,100,True,,26
Ian Livengood,Sam Ezersky,Normal,2024-12-26,Thursday,4,Mini,22515,,0,100,True,,37
Ian Livengood,Sam Ezersky,Normal,2024-12-27,Friday,5,Mini,22516,,0,100,True,,68
Ian Livengood,Sam Ezersky,Normal,2024-12-28,Saturday,6,Mini,22519,,0,100,True,,91
Ian Livengood,Sam Ezersky,Normal,2024-12-29,Sunday,0,Mini,22517,,0,100,True,,110
Tracy Bennett,Sam Ezersky,Normal,2024-12-30,Monday,1,Mini,22529,,0,100,True,,46
Tracy Bennett,Sam Ezersky,Normal,2024-12-31,Tuesday,2,Mini,22530,,0,100,True,,36
Tracy Bennett,Sam Ezersky,Normal,2025-01-01,Wednesday,3,Mini,22531,,0,100,True,,49
Tracy Bennett,Sam Ezersky,Normal,2025-01-02,Thursday,4,Mini,22533,,0,100,True,,31
Tracy Bennett,Sam Ezersky,Normal,2025-01-03,Friday,5,Mini,22534,,0,100,True,,37
Tracy Bennett,Sam Ezersky,Normal,2025-01-04,Saturday,6,Mini,22535,,0,100,True,,90
Tracy Bennett,Sam Ezersky,Normal,2025-01-05,Sunday,0,Mini,22536,,0,100,True,,49
Wyna Liu,Sam Ezersky,Normal,2025-01-06,Monday,1,Mini,22522,,0,100,True,,34
Wyna Liu,Sam Ezersky,Normal,2025-01-07,Tuesday,2,Mini,22523,,0,100,True,,58
Wyna Liu,Sam Ezersky,Normal,2025-01-08,Wednesday,3,Mini,22524,,0,100,True,,81
Wyna Liu,Sam Ezersky,Normal,2025-01-09,Thursday,4,Mini,22525,,0,100,True,,42
Wyna Liu,Sam Ezersky,Normal,2025-01-10,Friday,5,Mini,22526,,0,100,True,,40
Wyna Liu,Sam Ezersky,Normal,2025-01-11,Saturday,6,Mini,22527,,0,100,True,,68
Wyna Liu,Sam Ezersky,Normal,2025-01-12,Sunday,0,Mini,22532,,0,100,True,,69
Christina Iverson,Sam Ezersky,Normal,2025-01-13,Monday,1,Mini,22543,,0,100,True,,38
Christina Iverson,Sam Ezersky,Normal,2025-01-14,Tuesday,2,Mini,22538,,0,100,True,,26
Christina Iverson,Sam Ezersky,Normal,2025-01-15,Wednesday,3,Mini,22544,,0,100,True,,45
Christina Iverson,Sam Ezersky,Normal,2025-01-16,Thursday,4,Mini,22540,,0,100,True,,43
Christina Iverson,Sam Ezersky,Normal,2025-01-17,Friday,5,Mini,22539,,0,0,False,,29
Christina Iverson,Sam Ezersky,Normal,2025-01-17,Friday,5,Mini,22539,,0,100,True,,29
Christina Iverson,Sam Ezersky,Normal,2025-01-18,Saturday,6,Mini,22541,,0,100,True,,153
Christina Iverson,Sam Ezersky,Normal,2025-01-19,Sunday,0,Mini,22542,,0,100,True,,50
Wyna Liu,Sam Ezersky,Normal,2025-01-20,Monday,1,Mini,22579,,0,100,True,,82
Wyna Liu,Sam Ezersky,Normal,2025-01-21,Tuesday,2,Mini,22584,,0,100,True,,23
Wyna Liu,Sam Ezersky,Normal,2025-01-22,Wednesday,3,Mini,22585,,0,100,True,,37
Wyna Liu,Sam Ezersky,Normal,2025-01-23,Thursday,4,Mini,22581,,0,100,True,,40
Wyna Liu,Sam Ezersky,Normal,2025-01-24,Friday,5,Mini,22583,,0,100,True,,55
Wyna Liu,Sam Ezersky,Normal,2025-01-25,Saturday,6,Mini,22580,,0,100,True,,92
Wyna Liu,Sam Ezersky,Normal,2025-01-26,Sunday,0,Mini,22582,,0,100,True,,46
Ian Livengood,Sam Ezersky,Normal,2025-01-27,Monday,1,Mini,22570,,0,100,True,,36
Ian Livengood,Sam Ezersky,Normal,2025-01-28,Tuesday,2,Mini,22574,,0,100,True,,112
Ian Livengood,Sam Ezersky,Normal,2025-01-29,Wednesday,3,Mini,22572,,0,100,True,,98
Ian Livengood,Sam Ezersky,Normal,2025-01-30,Thursday,4,Mini,22575,,0,100,True,,56
Ian Livengood,Sam Ezersky,Normal,2025-01-31,Friday,5,Mini,22576,,0,100,True,,30
Ian Livengood,Sam Ezersky,Normal,2025-02-01,Saturday,6,Mini,22573,,0,100,True,,121
Ian Livengood,Joel Fagliano,Normal,2025-02-02,Sunday,0,Mini,22626,,0,100,True,,75
Joel Fagliano,,Normal,2025-02-03,Monday,1,Mini,22608,,0,100,True,,21
Joel Fagliano,,Normal,2025-02-04,Tuesday,2,Mini,22610,,0,100,True,,34
Joel Fagliano,,Normal,2025-02-05,Wednesday,3,Mini,22609,,0,100,True,,66
Joel Fagliano,,Normal,2025-02-06,Thursday,4,Mini,22611,,0,100,True,,36
Joel Fagliano,,Normal,2025-02-07,Friday,5,Mini,22612,,0,100,True,,26
Joel Fagliano,,Normal,2025-02-08,Saturday,6,Mini,22613,,0,100,True,,38
Joel Fagliano,,Normal,2025-02-09,Sunday,0,Mini,22640,,0,100,True,,132
Tracy Bennett,Joel Fagliano,Normal,2025-02-10,Monday,1,Mini,22598,,0,100,True,,39
Sam Ezersky,Joel Fagliano,Normal,2025-02-11,Tuesday,2,Mini,22619,,0,100,True,,43
Ian Livengood,Joel Fagliano,Normal,2025-02-12,Wednesday,3,Mini,22644,,0,100,True,,47
Sam Ezersky,Joel Fagliano,Normal,2025-02-13,Thursday,4,Mini,22615,,0,100,True,,76
Christina Iverson,Joel Fagliano,Normal,2025-02-14,Friday,5,Mini,22634,,0,100,True,,32
Joel Fagliano,,Normal,2025-02-15,Saturday,6,Mini,22635,,0,100,True,,49
Joel Fagliano,,Normal,2025-02-16,Sunday,0,Mini,22642,,0,100,True,,65
Wyna Liu,Joel Fagliano,Normal,2025-02-17,Monday,1,Mini,22655,,0,100,True,,31
Joel Fagliano,,Normal,2025-02-18,Tuesday,2,Mini,22656,,0,100,True,,72
Tracy Bennett,Joel Fagliano,Normal,2025-02-19,Wednesday,3,Mini,22599,,0,100,True,,37
Sam Ezersky,Joel Fagliano,Normal,2025-02-20,Thursday,4,Mini,22616,,0,100,True,,29
Joel Fagliano,,Normal,2025-02-21,Friday,5,Mini,22657,,0,100,True,,73
Christina Iverson,Joel Fagliano,Normal,2025-02-22,Saturday,6,Mini,22630,,0,100,True,,75
Joel Fagliano,,Normal,2025-02-23,Sunday,0,Mini,22660,,0,100,True,,30
Wyna Liu,Joel Fagliano,Normal,2025-02-24,Monday,1,Mini,22659,,0,100,True,,25
Tracy Bennett,Joel Fagliano,Normal,2025-02-25,Tuesday,2,Mini,22596,,0,100,True,,34
Christina Iverson,Joel Fagliano,Normal,2025-02-26,Wednesday,3,Mini,22662,,0,100,True,,25
Joel Fagliano,,Normal,2025-02-27,Thursday,4,Mini,22639,,0,100,True,,102
Ian Livengood,Joel Fagliano,Normal,2025-02-28,Friday,5,Mini,22667,,0,100,True,,65
Joel Fagliano,,Normal,2025-03-01,Saturday,6,Mini,22665,,0,100,True,,138
Christina Iverson,Joel Fagliano,Normal,2025-03-02,Sunday,0,Mini,22629,,0,100,True,,58
Joel Fagliano,,Normal,2025-03-03,Monday,1,Mini,22668,,0,100,True,,22
Sam Ezersky,Joel Fagliano,Normal,2025-03-04,Tuesday,2,Mini,22618,,0,100,True,,31
Tracy Bennett,Joel Fagliano,Normal,2025-03-05,Wednesday,3,Mini,22658,,0,100,True,,187
Christina Iverson,Joel Fagliano,Normal,2025-03-06,Thursday,4,Mini,22684,,0,100,True,,87
Joel Fagliano,,Normal,2025-03-07,Friday,5,Mini,22638,,0,100,True,,39
Joel Fagliano,,Normal,2025-03-08,Saturday,6,Mini,22680,,0,100,True,,110
Sam Ezersky,Joel Fagliano,Normal,2025-03-09,Sunday,0,Mini,22621,,0,100,True,,35
Joel Fagliano,,Normal,2025-03-10,Monday,1,Mini,22686,,0,100,True,,53
